Workbook

Sheet Guía paso a paso
A2: Guía paso a paso
A3: Cómo usar este archivo, explicado desde cero. No hace falta conocer el proceso: cada paso dice qué mirar y en qué hoja.
A5: 1 · ¿Qué hace este archivo?
A7: Compara DOS listas de lo mismo y muestra en qué no coinciden:
B8: La lista | C8: De dónde sale | D8: Qué dice
B9: 1) Stock SAP | C9: Bajada del sistema SAP al 02/10 | D9: Las unidades que SAP cree que hay en cada base
B10: 2) Inventario físico | C10: Lo que Avain contó a mano, en los PDF | D10: Las unidades que realmente hay en el depósito
A12: Cuando los dos números no coinciden, hay que corregir SAP: sacarle lo que sobra o agregarle lo que falta. Este archivo dice exactamente qué y cuánto.
A14: Hay un problema en el medio: SAP y Avain le ponen nombres distintos al mismo producto. SAP dice «JERINGA 10 ML» y Avain dice «Jeringas 10 cc». Emparejar esos nombres es lo que llamamos HOMOLOGAR. Por eso cada fila trae un nivel de confianza: dice cuán seguro es que esos dos nombres sean el mismo producto.
A16: 2 · Dos reglas para no confundirse nunca
A18: REGLA 1 — Unidades o pesos: el encabezado siempre lo aclara.
B19: Si el encabezado dice… | C19: Entonces el número es… | D19: Se ve así
B20: UNIDADES | C20: una cantidad de cosas: frascos, comprimidos, jeringas | D20: 2.367
B21: IMPORTE $ | C21: plata, pesos argentinos | D21: $ 137.512,84
A23: Todos los importes se muestran con el signo $ adelante. Si no tiene $, son unidades.
A25: REGLA 2 — El signo de la diferencia dice qué hacer.
A26: La cuenta es siempre la misma: Diferencia = lo que dice SAP − lo que se contó.
B27: Si la diferencia es… | C27: Significa que… | D27: Hay que…
B28: POSITIVA (ej. 1.449) | C28: SAP tiene más de lo que hay en el depósito | D28: DAR DE BAJA en SAP esas unidades
B29: NEGATIVA (ej. −350) | C29: hay más en el depósito de lo que SAP registra | D29: DAR DE ALTA en SAP esas unidades
B30: CERO | C30: SAP y el depósito coinciden | D30: no hacer nada
A33: 3 · Qué hay en cada hoja
B35: Hoja | C35: Para qué sirve | D35: Cuándo la uso
B36: Resumen del cruce | C36: Los números grandes de cada base, en una sola fila | D36: Para contar el resultado en una reunión
B37: Conciliación | C37: UNA FILA POR MATERIAL. El corazón del archivo | D37: Para buscar un material y ver todo junto
B38: Dar de baja en SAP | C38: Los materiales a los que hay que restar unidades | D38: Para hacer los ajustes de baja
B39: Dar de alta en SAP | C39: Los materiales a los que hay que sumar unidades | D39: Para hacer los ajustes de alta
B40: Sin correspondencia SAP | C40: Lo que Avain contó y no existe en SAP | D40: Para dar de alta materiales nuevos
B41: 1120 SJ · 1060 NQN · 1130 Salta | C41: El detalle fino de SAP, fila por lote y almacén. Es el archivo de SAP original con el cruce agregado | D41: Para Contabilidad y para auditar una fila
B42: Control de cantidades | C42: Prueba de que los totales coinciden con los archivos originales | D42: Para verificar que nada se perdió
B43: Posibles duplicidades | C43: Casos donde dos códigos de SAP podrían ser el mismo producto | D43: Para que alguien decida cuál es el correcto
B44: Fuera del Master | C44: Materiales contados que no estaban en el Master de Seba | D44: Para completar el Master
B45: Metodología | C45: El detalle técnico de cómo se hizo todo | D45: Si alguien pregunta «¿cómo lo calcularon?»
A47: Si sólo vas a abrir una hoja, abrí CONCILIACIÓN.
A49: 4 · Paso a paso: quiero revisar UN material
A51: Ejemplo real del archivo: las jeringas de 10 ml de San Juan.
A53: 1 | B53: Abrí la hoja CONCILIACIÓN.
A54: 2 | B54: Apretá Ctrl+B (Buscar) y escribí lo que conozcas: el código de SAP «2000028», o el nombre «JERINGA», o el nombre que usa Avain «Jeringas 10 cc». Cualquiera de los tres te lleva a la misma fila.
A55: 3 | B55: Mirá las tres columnas del medio, que son las que importan:
B56: Columna | C56: Dice | D56: En el ejemplo
B57: Cantidad SAP · UNIDADES | C57: lo que SAP cree que hay | D57: 2.367
B58: Cantidad física Avain · UNIDADES | C58: lo que Avain contó | D58: 918
B59: Diferencia (SAP − físico) · UNIDADES | C59: cuánto no coincide | D59: 1.449
A61: 4 | B61: Leé la columna ACCIÓN EN SAP. En el ejemplo dice «Dar de baja en SAP»: sobran 1.449 jeringas en el sistema.
A62: 5 | B62: Leé ESTADO DE HOMOLOGACIÓN. En el ejemplo dice «Homologado – confianza Alta»: estamos seguros de que «JERINGA 10 ML» de SAP y «Jeringas 10 cc» de Avain son el mismo producto, así que la diferencia es confiable.
A63: 6 | B63: Mirá la DIFERENCIA ECONÓMICA: $ 137.512,84. Es cuánta plata representa esa diferencia de 1.449 unidades.
A64: 7 | B64: Si la columna ALERTA DE VALORIZACIÓN tiene texto, el importe NO es confiable todavía. Está explicado en el punto 7 de esta guía.
A66: 5 · Paso a paso: quiero saber qué ajustar en SAP
A68: 1 | B68: Abrí DAR DE BAJA EN SAP. Son los materiales a los que SAP les tiene de más. Vienen ordenados por plata, así que los primeros son los que más importan.
A69: 2 | B69: Abrí DAR DE ALTA EN SAP. Son los materiales a los que SAP les tiene de menos.
A70: 3 | B70: Abrí SIN CORRESPONDENCIA SAP. Son productos que Avain contó y que SAP no tiene en esa base: no hay nada que corregir, hay que CREAR el material. Ejemplo del archivo: «Barbijos quirúrgicos x 1 ud», 350 unidades contadas en San Juan, sin código de SAP.
A71: 4 | B71: En las tres hojas, la columna CANTIDAD A AJUSTAR es cuántas unidades mover, y VALOR ECONÓMICO DEL AJUSTE es cuánta plata es.
A72: 5 | B72: Los totales de abajo responden al filtro: si filtrás una base, el total se recalcula solo para esa base.
A74: 6 · Los seis estados posibles (columna «Acción en SAP»)
A76: Todo material cae en uno de estos seis casos. Los dos últimos NO son errores ni faltantes.
B77: Dice | C77: Significa | D77: Qué hacer
B78: Dar de baja en SAP | C78: Se contó y hay menos de lo que dice SAP | D78: Restar unidades en SAP
B79: Dar de alta en SAP | C79: Se contó y hay más de lo que dice SAP | D79: Sumar unidades en SAP
B80: Sin diferencia | C80: Se contó y coincide exacto | D80: Nada
B81: Alta de material en SAP (sin código) | C81: Avain lo contó pero SAP no tiene ese material en la base | D81: Crear el material en SAP
B82: Sin recuento físico | C82: Es un medicamento o descartable que SAP tiene, pero el inventario no lo contó | D82: Averiguar si no se contó o no está. NO es un faltante
B83: Fuera del alcance del inventario físico | C83: Es un uniforme, un equipo o un repuesto. El inventario de Avain es de Farmacia y no los releva | D83: Nada. No es una falta de coincidencia
A86: 7 · Las cuentas, con el ejemplo de las jeringas
B88: Qué se calcula | C88: Cómo | D88: En el ejemplo
B89: Diferencia en unidades | C89: Cantidad SAP − Cantidad física | D89: 2.367 − 918 = 1.449
B90: VU promedio ponderado | C90: Valor total del material en SAP ÷ unidades totales del material en SAP. Es el precio promedio de una unidad | D90: $ 94,90 por jeringa
B91: Diferencia económica | C91: Diferencia en unidades × VU promedio ponderado | D91: 1.449 × $ 94,90 = $ 137.512,84
A93: Por qué «promedio ponderado»: el mismo material entra a SAP en distintas compras, a distintos precios. El promedio ponderado pesa cada compra por su cantidad, así que es el criterio correcto y es el que se definió para este análisis.
A95: Un material puede ocupar varias filas en las hojas de SAP, una por lote y almacén. Las jeringas del ejemplo ocupan las filas 8 y 73 de la hoja 1120 SJ. La cantidad contada se escribe UNA SOLA VEZ, en la primera fila del material, para no contarla dos veces. Por eso en la hoja Conciliación hay una sola fila por material: es más fácil de leer.
A97: 8 · Cuándo NO confiar en el importe
A99: Algunas filas tienen texto en la columna ALERTA DE VALORIZACIÓN. Quiere decir que el importe puede estar muy mal, por una razón concreta: SAP y Avain miden en distinta unidad.
A101: El caso más grave del archivo:
B102: Material | C102: Qué dice el archivo | D102: Por qué no cierra
B103: ELECTRODOS C/CONECTOR PARA DESFIBRILADOR (2001077, Neuquén) | C103: SAP: 5 unidades por $ 1.047.361, o sea $ 209.472 cada una. Avain contó 1.465. | D103: Un electrodo no cuesta $ 209.472. Lo más probable es que SAP cuente CAJAS y Avain cuente UNIDADES sueltas.
A105: Ese único material mueve la diferencia económica de Neuquén de +$ 89,9 millones a −$ 215 millones. Por eso el Resumen muestra el importe en tres columnas: el total, la parte con alerta, y el importe confiable que queda al descontarla. Hasta que alguien confirme las unidades de medida, usá la columna confiable.
A107: También hay 196 ítems sin código en SAP: no tienen precio, así que su diferencia económica NO se puede calcular. No se inventó ningún valor: figuran como dato faltante.
A109: 9 · Glosario
B111: Palabra | C111: Qué quiere decir | D111: Dónde aparece
B112: SAP | C112: El sistema de gestión de la empresa. Es la base de este archivo | D112: Todas las hojas
B113: Avain | C113: Quien hizo el recuento físico en cada base | D113: Columnas «físico» y «Avain»
B114: Base / Centro | C114: La sede: San Juan (1120), Neuquén (1060), Salta (1130) | D114: Primera columna
B115: Libre utilización | C115: Las unidades disponibles para usar según SAP. Es la cantidad de SAP que se compara | D115: Columna I del detalle
B116: Homologar | C116: Emparejar el nombre de SAP con el nombre de Avain cuando son el mismo producto | D116: Estado de homologación
B117: Master de Seba | C117: La lista de 284 productos que se usó como puente entre los nombres de SAP y los de Avain. Es parcial: no cubre todo | D117: «¿Informado en Master de Seba?»
B118: Nivel de confianza | C118: Cuán seguros estamos del emparejamiento: Alta, Media o Baja. Media y Baja hay que validarlas | D118: Nivel de coincidencia
B119: VU | C119: Valor unitario: cuánto cuesta una unidad | D119: Columna P y VU promedio
B120: Lote / Almacén | C120: Divisiones internas de SAP. Un mismo material aparece varias veces, una por lote y almacén | D120: Columnas C y G del detalle
B121: ZMED / ZDES / ZUNI / ZEQI / ZERS | C121: El tipo de material en SAP: medicamentos, descartables, uniformes, equipos, repuestos | D121: Clasificación SAP
B122: BUSCARV | C122: La función de Excel para buscar un dato en otra tabla. Cuando dos códigos de SAP podían ser el mismo producto, se tomó el primero | D122: Posibles duplicidades
A125: Si algo no se entiende, está en la hoja METODOLOGÍA con el detalle técnico, o en el archivo CORRECCIONES.md del repositorio.

Sheet Resumen del cruce
A2: Stock SAP vs inventario físico Avain · indicadores
A3: La base es el stock de SAP. El inventario físico se cruzó sobre esa base. Todos los valores son fórmulas sobre la hoja Conciliación, de modo que respetan cualquier corrección que se haga allí.
A5: Base / Centro | B5: 1. Stock SAP · Libre utilización UNIDADES | C5: 2. Inventario físico Avain · todo el inventario UNIDADES | D5: 3. Diferencia = 1 − 2 UNIDADES | E5: 4. Stock SAP de los materiales que SÍ se contaron UNIDADES | F5: 5. Diferencia neta de esos materiales contados (= 6 − 7) UNIDADES | G5: 6. A DAR DE BAJA en SAP (sobra en SAP) UNIDADES | H5: 7. A DAR DE ALTA en SAP (falta en SAP) UNIDADES | I5: 8. Ítems sin correspondencia en SAP CANTIDAD DE ÍTEMS | J5: 9. Unidades sin correspondencia en SAP UNIDADES | K5: 10. Diferencia económica (total de la columna S) IMPORTE $ | L5: 11. Diferencia económica de los materiales contados IMPORTE $ | M5: 12. De 11, con alerta de valorización IMPORTE $ | N5: 13. Diferencia económica confiable (11 − 12) IMPORTE $
A6: San Juan | B6: =SUMIFS('Conciliación'!$K$6:$K$1683,'Conciliación'!$A$6:$A$1683,"San Juan",'Conciliación'!$C$6:$C$1683,"Stock SAP") | C6: =SUMIFS('Conciliación'!$L$6:$L$1683,'Conciliación'!$A$6:$A$1683,"San Juan") | D6: =$B6-$C6 | E6: =SUMIFS('Conciliación'!$K$6:$K$1683,'Conciliación'!$A$6:$A$1683,"San Juan",'Conciliación'!$U$6:$U$1683,"Dar de baja en SAP")+SUMIFS('Conciliación'!$K$6:$K$1683,'Conciliación'!$A$6:$A$1683,"San Juan",'Conciliación'!$U$6:$U$1683,"Dar de alta en SAP")+SUMIFS('Conciliación'!$K$6:$K$1683,'Conciliación'!$A$6:$A$1683,"San Juan",'Conciliación'!$U$6:$U$1683,"Sin diferencia") | F6: =SUMIFS('Conciliación'!$M$6:$M$1683,'Conciliación'!$A$6:$A$1683,"San Juan",'Conciliación'!$U$6:$U$1683,"Dar de baja en SAP")+SUMIFS('Conciliación'!$M$6:$M$1683,'Conciliación'!$A$6:$A$1683,"San Juan",'Conciliación'!$U$6:$U$1683,"Dar de alta en SAP")+SUMIFS('Conciliación'!$M$6:$M$1683,'Conciliación'!$A$6:$A$1683,"San Juan",'Conciliación'!$U$6:$U$1683,"Sin diferencia") | G6: =SUMIFS('Conciliación'!$M$6:$M$1683,'Conciliación'!$A$6:$A$1683,"San Juan",'Conciliación'!$U$6:$U$1683,"Dar de baja en SAP") | H6: =-SUMIFS('Conciliación'!$M$6:$M$1683,'Conciliación'!$A$6:$A$1683,"San Juan",'Conciliación'!$U$6:$U$1683,"Dar de alta en SAP") | I6: =COUNTIFS('Conciliación'!$A$6:$A$1683,"San Juan",'Conciliación'!$C$6:$C$1683,"Inventario físico sin código SAP") | J6: =SUMIFS('Conciliación'!$L$6:$L$1683,'Conciliación'!$A$6:$A$1683,"San Juan",'Conciliación'!$C$6:$C$1683,"Inventario físico sin código SAP") | K6: =SUM('1120 SJ'!$S$2:$S$731) | L6: =SUMIFS('Conciliación'!$Q$6:$Q$1683,'Conciliación'!$A$6:$A$1683,"San Juan",'Conciliación'!$U$6:$U$1683,"Dar de baja en SAP")+SUMIFS('Conciliación'!$Q$6:$Q$1683,'Conciliación'!$A$6:$A$1683,"San Juan",'Conciliación'!$U$6:$U$1683,"Dar de alta en SAP") | M6: =SUMIFS('Conciliación'!$Q$6:$Q$1683,'Conciliación'!$A$6:$A$1683,"San Juan",'Conciliación'!$U$6:$U$1683,"Dar de baja en SAP",'Conciliación'!$R$6:$R$1683,"?*")+SUMIFS('Conciliación'!$Q$6:$Q$1683,'Conciliación'!$A$6:$A$1683,"San Juan",'Conciliación'!$U$6:$U$1683,"Dar de alta en SAP",'Conciliación'!$R$6:$R$1683,"?*") | N6: =$L6-$M6
A7: Neuquén | B7: =SUMIFS('Conciliación'!$K$6:$K$1683,'Conciliación'!$A$6:$A$1683,"Neuquén",'Conciliación'!$C$6:$C$1683,"Stock SAP") | C7: =SUMIFS('Conciliación'!$L$6:$L$1683,'Conciliación'!$A$6:$A$1683,"Neuquén") | D7: =$B7-$C7 | E7: =SUMIFS('Conciliación'!$K$6:$K$1683,'Conciliación'!$A$6:$A$1683,"Neuquén",'Conciliación'!$U$6:$U$1683,"Dar de baja en SAP")+SUMIFS('Conciliación'!$K$6:$K$1683,'Conciliación'!$A$6:$A$1683,"Neuquén",'Conciliación'!$U$6:$U$1683,"Dar de alta en SAP")+SUMIFS('Conciliación'!$K$6:$K$1683,'Conciliación'!$A$6:$A$1683,"Neuquén",'Conciliación'!$U$6:$U$1683,"Sin diferencia") | F7: =SUMIFS('Conciliación'!$M$6:$M$1683,'Conciliación'!$A$6:$A$1683,"Neuquén",'Conciliación'!$U$6:$U$1683,"Dar de baja en SAP")+SUMIFS('Conciliación'!$M$6:$M$1683,'Conciliación'!$A$6:$A$1683,"Neuquén",'Conciliación'!$U$6:$U$1683,"Dar de alta en SAP")+SUMIFS('Conciliación'!$M$6:$M$1683,'Conciliación'!$A$6:$A$1683,"Neuquén",'Conciliación'!$U$6:$U$1683,"Sin diferencia") | G7: =SUMIFS('Conciliación'!$M$6:$M$1683,'Conciliación'!$A$6:$A$1683,"Neuquén",'Conciliación'!$U$6:$U$1683,"Dar de baja en SAP") | H7: =-SUMIFS('Conciliación'!$M$6:$M$1683,'Conciliación'!$A$6:$A$1683,"Neuquén",'Conciliación'!$U$6:$U$1683,"Dar de alta en SAP") | I7: =COUNTIFS('Conciliación'!$A$6:$A$1683,"Neuquén",'Conciliación'!$C$6:$C$1683,"Inventario físico sin código SAP") | J7: =SUMIFS('Conciliación'!$L$6:$L$1683,'Conciliación'!$A$6:$A$1683,"Neuquén",'Conciliación'!$C$6:$C$1683,"Inventario físico sin código SAP") | K7: =SUM('1060 NQN'!$S$2:$S$2074) | L7: =SUMIFS('Conciliación'!$Q$6:$Q$1683,'Conciliación'!$A$6:$A$1683,"Neuquén",'Conciliación'!$U$6:$U$1683,"Dar de baja en SAP")+SUMIFS('Conciliación'!$Q$6:$Q$1683,'Conciliación'!$A$6:$A$1683,"Neuquén",'Conciliación'!$U$6:$U$1683,"Dar de alta en SAP") | M7: =SUMIFS('Conciliación'!$Q$6:$Q$1683,'Conciliación'!$A$6:$A$1683,"Neuquén",'Conciliación'!$U$6:$U$1683,"Dar de baja en SAP",'Conciliación'!$R$6:$R$1683,"?*")+SUMIFS('Conciliación'!$Q$6:$Q$1683,'Conciliación'!$A$6:$A$1683,"Neuquén",'Conciliación'!$U$6:$U$1683,"Dar de alta en SAP",'Conciliación'!$R$6:$R$1683,"?*") | N7: =$L7-$M7
A8: Salta | B8: =SUMIFS('Conciliación'!$K$6:$K$1683,'Conciliación'!$A$6:$A$1683,"Salta",'Conciliación'!$C$6:$C$1683,"Stock SAP") | C8: =SUMIFS('Conciliación'!$L$6:$L$1683,'Conciliación'!$A$6:$A$1683,"Salta") | D8: =$B8-$C8 | E8: =SUMIFS('Conciliación'!$K$6:$K$1683,'Conciliación'!$A$6:$A$1683,"Salta",'Conciliación'!$U$6:$U$1683,"Dar de baja en SAP")+SUMIFS('Conciliación'!$K$6:$K$1683,'Conciliación'!$A$6:$A$1683,"Salta",'Conciliación'!$U$6:$U$1683,"Dar de alta en SAP")+SUMIFS('Conciliación'!$K$6:$K$1683,'Conciliación'!$A$6:$A$1683,"Salta",'Conciliación'!$U$6:$U$1683,"Sin diferencia") | F8: =SUMIFS('Conciliación'!$M$6:$M$1683,'Conciliación'!$A$6:$A$1683,"Salta",'Conciliación'!$U$6:$U$1683,"Dar de baja en SAP")+SUMIFS('Conciliación'!$M$6:$M$1683,'Conciliación'!$A$6:$A$1683,"Salta",'Conciliación'!$U$6:$U$1683,"Dar de alta en SAP")+SUMIFS('Conciliación'!$M$6:$M$1683,'Conciliación'!$A$6:$A$1683,"Salta",'Conciliación'!$U$6:$U$1683,"Sin diferencia") | G8: =SUMIFS('Conciliación'!$M$6:$M$1683,'Conciliación'!$A$6:$A$1683,"Salta",'Conciliación'!$U$6:$U$1683,"Dar de baja en SAP") | H8: =-SUMIFS('Conciliación'!$M$6:$M$1683,'Conciliación'!$A$6:$A$1683,"Salta",'Conciliación'!$U$6:$U$1683,"Dar de alta en SAP") | I8: =COUNTIFS('Conciliación'!$A$6:$A$1683,"Salta",'Conciliación'!$C$6:$C$1683,"Inventario físico sin código SAP") | J8: =SUMIFS('Conciliación'!$L$6:$L$1683,'Conciliación'!$A$6:$A$1683,"Salta",'Conciliación'!$C$6:$C$1683,"Inventario físico sin código SAP") | K8: =SUM('1130 Salta'!$S$2:$S$578) | L8: =SUMIFS('Conciliación'!$Q$6:$Q$1683,'Conciliación'!$A$6:$A$1683,"Salta",'Conciliación'!$U$6:$U$1683,"Dar de baja en SAP")+SUMIFS('Conciliación'!$Q$6:$Q$1683,'Conciliación'!$A$6:$A$1683,"Salta",'Conciliación'!$U$6:$U$1683,"Dar de alta en SAP") | M8: =SUMIFS('Conciliación'!$Q$6:$Q$1683,'Conciliación'!$A$6:$A$1683,"Salta",'Conciliación'!$U$6:$U$1683,"Dar de baja en SAP",'Conciliación'!$R$6:$R$1683,"?*")+SUMIFS('Conciliación'!$Q$6:$Q$1683,'Conciliación'!$A$6:$A$1683,"Salta",'Conciliación'!$U$6:$U$1683,"Dar de alta en SAP",'Conciliación'!$R$6:$R$1683,"?*") | N8: =$L8-$M8
A9: TOTAL | B9: =SUM(B6:B8) | C9: =SUM(C6:C8) | D9: =SUM(D6:D8) | E9: =SUM(E6:E8) | F9: =SUM(F6:F8) | G9: =SUM(G6:G8) | H9: =SUM(H6:H8) | I9: =SUM(I6:I8) | ... N9: =SUM(N6:N8)
A11: Cómo leer estos indicadores
A12: Para una explicación desde cero, ver la hoja «Guía paso a paso».
A13: • Las columnas 1 a 9 están en UNIDADES. Las columnas 10 a 13 son IMPORTES en pesos y se muestran con el signo $.
A14: • Columna 3, diferencia = Stock SAP − inventario físico, con el inventario físico completo: los ítems con código SAP y los que todavía no lo tienen.
A15: • Diferencia POSITIVA: SAP informa más unidades que el recuento → cantidad a DAR DE BAJA en SAP (columna 6).
A16: • Diferencia NEGATIVA: el recuento supera lo informado en SAP → cantidad a DAR DE ALTA en SAP (columna 7).
A17: • Columna 5: es el ajuste NETO en unidades de los materiales que SÍ se contaron, es decir la columna 6 menos la columna 7. En Salta da −1.027 porque se contó más de lo que SAP informa.
A18: • La diferencia de la columna 3 incluye materiales que el inventario no contó; ésos no son faltantes. El ajuste operativo son las columnas 6 y 7, que sólo consideran materiales con recuento.
A19: • Columna 10: es la suma de la columna S «Diferencia economica» de las hojas de detalle. Incluye los materiales sin recuento.
A20: • Columna 11: la misma valorización, pero sólo de los materiales contados. Es el importe del ajuste.
A21: • Columnas 12 y 13: de ese importe, cuánto cae en filas con alerta de valorización (posible distinta unidad de medida entre SAP y el recuento) y cuánto queda como importe confiable. Mientras la alerta no se valide, usar la columna 13.
A22: • Los ítems sin correspondencia en SAP no tienen valor unitario, así que su diferencia económica no puede calcularse: figuran como dato faltante.
... A25: Se mantiene como información de respaldo del estado de la homologación. No forma parte del tablero principal.
A26: Base | B26: Ítems del inventario físico | C26: Alta | D26: Media | E26: Baja | F26: Sin correspondencia en SAP | G26: Materiales SAP | H26: Materiales con recuento | I26: Materiales fuera del alcance | J26: Materiales sin recuento (dentro del alcance)
A27: San Juan | B27: 156 | C27: 55 | D27: 21 | E27: 28 | F27: 52 | G27: 424 | H27: 104 | I27: 87 | J27: 233
A28: Neuquén | B28: 218 | C28: 56 | D28: 64 | E28: 47 | F28: 51 | G28: 655 | H28: 167 | I28: 202 | J28: 286
A29: Salta | B29: 255 | C29: 72 | D29: 40 | E29: 50 | F29: 93 | G29: 403 | H29: 162 | I29: 121 | J29: 120

Sheet Conciliación
A2: Conciliación unificada · una fila por material
A3: Permite tomar un material y verificar cantidad SAP, cantidad física, diferencia, valorización y estado de homologación. Filtrable por base, clasificación, código SAP, acción y estado. Las cantidades se traen por SUMIF de las hojas de detalle, de modo que todo queda trazable hasta la fila de SAP.
A5: Base | B5: Centro | C5: Origen del registro | D5: Clasificación SAP | E5: Tipo material SAP | F5: Alcance del inventario físico | G5: Código SAP (Material) | H5: Nomenclatura SAP | I5: Código Avain | J5: Nombre en inventario físico Avain | K5: Cantidad SAP (Libre utilización) · UNIDADES | L5: Cantidad física Avain · UNIDADES | M5: Diferencia (SAP − físico) · UNIDADES | N5: VU promedio ponderado · IMPORTE $ por unidad | O5: Valor SAP · IMPORTE $ | P5: Valor del recuento físico · IMPORTE $ | Q5: Diferencia económica · IMPORTE $ | R5: Alerta de valorización | S5: Nivel de coincidencia | T5: Estado de homologación / validación | U5: Acción en SAP | V5: Método de cruce | W5: ¿Posible duplicidad SAP? | X5: Códigos SAP posibles equivalentes | Y5: ¿Informado en Master de Seba? | Z5: ID común (Master) | AA5: Observaciones
A6: San Juan | B6: 1120 | C6: Stock SAP | D6: Medicamentos | E6: ZMED | F6: Dentro del alcance | G6: 1000124 | H6: IBUPROFENO COMP 600MG | I6: MED102 | J6: Ibuprofeno Comp x 600 mg | K6: =SUMIF('1120 SJ'!$A$2:$A$679,$G6,'1120 SJ'!$I$2:$I$679) | L6: =SUMIF('1120 SJ'!$A$2:$A$679,$G6,'1120 SJ'!$Q$2:$Q$679) | M6: =$K6-$L6 | N6: =IFERROR(SUMIF('1120 SJ'!$A$2:$A$679,$G6,'1120 SJ'!$M$2:$M$679)/$K6,0) | O6: =IFERROR($K6*$N6,"") | P6: =IFERROR($L6*$N6,"") | Q6: =$M6*$N6 | S6: Alta | T6: Homologado – confianza Alta | U6: Dar de baja en SAP | V6: Homologación por código Avain (master M01-005) | W6: No | Y6: Sí | Z6: M01-005 | AA6: Homologación: confianza base Alta + confianza SAP Alta → Alta. El material ocupa 16 filas en la hoja 1120 SJ (lote/almacén). La cantidad SAP y la física de esta vista son el total del material.
A7: San Juan | B7: 1120 | C7: Stock SAP | D7: Descartables | E7: ZDES | F7: Dentro del alcance | G7: 2001555 | H7: SONDA T/K-27 | K7: =SUMIF('1120 SJ'!$A$2:$A$679,$G7,'1120 SJ'!$I$2:$I$679) | L7: =SUMIF('1120 SJ'!$A$2:$A$679,$G7,'1120 SJ'!$Q$2:$Q$679) | M7: =$K7-$L7 | N7: =IFERROR(SUMIF('1120 SJ'!$A$2:$A$679,$G7,'1120 SJ'!$M$2:$M$679)/$K7,0) | O7: =IFERROR($K7*$N7,"") | P7: =IFERROR($L7*$N7,"") | Q7: =$M7*$N7 | T7: Sin recuento físico en el inventario de Avain | U7: Sin recuento físico
A8: San Juan | B8: 1120 | C8: Stock SAP | D8: Medicamentos | E8: ZMED | F8: Dentro del alcance | G8: 1000470 | H8: PARACETAMOL COMP 1 GRAMO | I8: MED150 | J8: Paracetamol Comp x 1 gr | K8: =SUMIF('1120 SJ'!$A$2:$A$679,$G8,'1120 SJ'!$I$2:$I$679) | L8: =SUMIF('1120 SJ'!$A$2:$A$679,$G8,'1120 SJ'!$Q$2:$Q$679) | M8: =$K8-$L8 | N8: =IFERROR(SUMIF('1120 SJ'!$A$2:$A$679,$G8,'1120 SJ'!$M$2:$M$679)/$K8,0) | O8: =IFERROR($K8*$N8,"") | P8: =IFERROR($L8*$N8,"") | Q8: =$M8*$N8 | S8: Baja | T8: Homologado – confianza Baja – pendiente de validación | U8: Dar de baja en SAP | V8: Homologación por código Avain (master M01-008) | W8: No | Y8: Sí | Z8: M01-008 | AA8: Homologación: confianza base Baja + confianza SAP Baja → Baja. El material ocupa 6 filas en la hoja 1120 SJ (lote/almacén). La cantidad SAP y la física de esta vista son el total del material.
A9: San Juan | B9: 1120 | C9: Stock SAP | D9: Descartables | E9: ZDES | F9: Dentro del alcance | G9: 2000158 | H9: GUANTES DE EXAMINACIÓN TALLE M | I9: DESC68 | J9: Guantes de examinacion M c/u | K9: =SUMIF('1120 SJ'!$A$2:$A$679,$G9,'1120 SJ'!$I$2:$I$679) | L9: =SUMIF('1120 SJ'!$A$2:$A$679,$G9,'1120 SJ'!$Q$2:$Q$679) | M9: =$K9-$L9 | N9: =IFERROR(SUMIF('1120 SJ'!$A$2:$A$679,$G9,'1120 SJ'!$M$2:$M$679)/$K9,0) | O9: =IFERROR($K9*$N9,"") | P9: =IFERROR($L9*$N9,"") | Q9: =$M9*$N9 | S9: Alta | T9: Homologado – confianza Alta | U9: Dar de baja en SAP | V9: Cruce por nomenclatura SAP | W9: No | Y9: Sí | AA9: Cruce por nomenclatura: similitud 0.88.
A10: San Juan | B10: 1120 | C10: Stock SAP | D10: Descartables | E10: ZDES | F10: Dentro del alcance | G10: 2000363 | H10: MASCARA PARA O2 ADULTO CON RESERVORIO | I10: DESC93 | J10: Mascaras para oxigeno c/ reservorio | K10: =SUMIF('1120 SJ'!$A$2:$A$679,$G10,'1120 SJ'!$I$2:$I$679) | L10: =SUMIF('1120 SJ'!$A$2:$A$679,$G10,'1120 SJ'!$Q$2:$Q$679) | M10: =$K10-$L10 | N10: =IFERROR(SUMIF('1120 SJ'!$A$2:$A$679,$G10,'1120 SJ'!$M$2:$M$679)/$K10,0) | O10: =IFERROR($K10*$N10,"") | P10: =IFERROR($L10*$N10,"") | Q10: =$M10*$N10 | R10: Valorización a validar: relación de cantidades 58 a 1 entre SAP y el recuento físico. Sugiere distinta unidad de medida (SAP por caja o envase y el recuento por unidad). La diferencia económica de esta fila no debe tomarse como definitiva. | S10: Media | T10: Homologado – confianza Media – pendiente de validación | U10: Dar de baja en SAP | V10: Homologación por código Avain (master D-159) | W10: No | Y10: Sí | Z10: D-159 | AA10: Homologación: confianza base Media + confianza SAP Media → Media. Otros códigos SAP del master no están en el stock de este centro: 2000364.
A11: San Juan | B11: 1120 | C11: Stock SAP | D11: Medicamentos | E11: ZMED | F11: Dentro del alcance | G11: 1000478 | H11: DEXAMETASONA 8MG/2ML AMP(DESCONTINUADO) | I11: MED55 | J11: Dexametasona 8mg Amp x 2 ml | K11: =SUMIF('1120 SJ'!$A$2:$A$679,$G11,'1120 SJ'!$I$2:$I$679) | L11: =SUMIF('1120 SJ'!$A$2:$A$679,$G11,'1120 SJ'!$Q$2:$Q$679) | M11: =$K11-$L11 | N11: =IFERROR(SUMIF('1120 SJ'!$A$2:$A$679,$G11,'1120 SJ'!$M$2:$M$679)/$K11,0) | O11: =IFERROR($K11*$N11,"") | P11: =IFERROR($L11*$N11,"") | Q11: =$M11*$N11 | S11: Alta | T11: Homologado – confianza Alta | U11: Dar de baja en SAP | V11: Homologación por código Avain (master M06-001) | W11: No | Y11: Sí | Z11: M06-001 | AA11: Homologación: confianza base Alta + confianza SAP Alta → Alta. El material ocupa 12 filas en la hoja 1120 SJ (lote/almacén). La cantidad SAP y la física de esta vista son el total del material.
A12: San Juan | B12: 1120 | C12: Stock SAP | D12: Descartables | E12: ZDES | F12: Dentro del alcance | G12: 2000011 | H12: BAJALENGUAS DE MADERA | I12: DESC22 | J12: Bajalenguas x 1 ud | K12: =SUMIF('1120 SJ'!$A$2:$A$679,$G12,'1120 SJ'!$I$2:$I$679) | L12: =SUMIF('1120 SJ'!$A$2:$A$679,$G12,'1120 SJ'!$Q$2:$Q$679) | M12: =$K12-$L12 | N12: =IFERROR(SUMIF('1120 SJ'!$A$2:$A$679,$G12,'1120 SJ'!$M$2:$M$679)/$K12,0) | O12: =IFERROR($K12*$N12,"") | P12: =IFERROR($L12*$N12,"") | Q12: =$M12*$N12 | S12: Media | T12: Homologado – confianza Media – pendiente de validación | U12: Dar de baja en SAP | V12: Cruce por nomenclatura SAP | W12: No | Y12: No | AA12: Cruce por nomenclatura: similitud 0.62.
A13: San Juan | B13: 1120 | C13: Stock SAP | D13: Descartables | E13: ZDES | F13: Dentro del alcance | G13: 2000270 | H13: GUANTES DE EXAMINACION TALLE S | I13: DESC66; DESC67; 32 | J13: Guantes de examinacion Ch c/u; Guantes de examinacion G c/u; GUANTES DE EXAMINACIÓN TALLE S | K13: =SUMIF('1120 SJ'!$A$2:$A$679,$G13,'1120 SJ'!$I$2:$I$679) | L13: =SUMIF('1120 SJ'!$A$2:$A$679,$G13,'1120 SJ'!$Q$2:$Q$679) | M13: =$K13-$L13 | N13: =IFERROR(SUMIF('1120 SJ'!$A$2:$A$679,$G13,'1120 SJ'!$M$2:$M$679)/$K13,0) | O13: =IFERROR($K13*$N13,"") | P13: =IFERROR($L13*$N13,"") | Q13: =$M13*$N13 | S13: Media | T13: Homologado – confianza Media – pendiente de validación | U13: Dar de alta en SAP | V13: Cruce por nomenclatura SAP; Homologación por código Avain (master D-152); Homologación por código Avain (master K-234) | W13: Sí | X13: 2000270, 2000158, 2000157 | Y13: Sí | Z13: D-152; K-234 | AA13: Varias denominaciones del inventario físico corresponden a este material SAP (DESC66 Guantes de examinacion Ch c/u; DESC67 Guantes de examinacion G c/u; 32 GUANTES DE EXAMINACIÓN TALLE S). Se sumaron las cantidades físicas. Cruce por nomenclatura: similitud 0.60. Homologación: confianza base Media + confianza SAP Media → Media. El cruce SAP–Avain identificó 3 códigos SAP como posibles equivalentes del mismo ítem de Avain (2000270, 2000158, 2000157). Se imputó al primero (lógica BUSCARV); requiere validación posterior. Homologación: confianza base Media + confianza SAP Media → Media. El cruce SAP–Avain identificó 3 códigos SAP como posibles equivalentes del mismo ítem de Avain (2000270, 2000158, 2000157). Se imputó al primero (lógica BUSCARV); requiere validación posterior.
A14: San Juan | B14: 1120 | C14: Stock SAP | D14: Descartables | E14: ZDES | F14: Dentro del alcance | G14: 2000028 | H14: JERINGA 10 ML | I14: DESC78 | J14: Jeringas 10 cc | K14: =SUMIF('1120 SJ'!$A$2:$A$679,$G14,'1120 SJ'!$I$2:$I$679) | L14: =SUMIF('1120 SJ'!$A$2:$A$679,$G14,'1120 SJ'!$Q$2:$Q$679) | M14: =$K14-$L14 | N14: =IFERROR(SUMIF('1120 SJ'!$A$2:$A$679,$G14,'1120 SJ'!$M$2:$M$679)/$K14,0) | O14: =IFERROR($K14*$N14,"") | P14: =IFERROR($L14*$N14,"") | Q14: =$M14*$N14 | S14: Alta | T14: Homologado – confianza Alta | U14: Dar de baja en SAP | V14: Homologación por código Avain (master D-136) | W14: No | Y14: Sí | Z14: D-136 | AA14: Homologación: confianza base Alta + confianza SAP Alta → Alta. El material ocupa 2 filas en la hoja 1120 SJ (lote/almacén). La cantidad SAP y la física de esta vista son el total del material.
A15: San Juan | B15: 1120 | C15: Stock SAP | D15: Medicamentos | E15: ZMED | F15: Dentro del alcance | G15: 1000125 | H15: DICLOFENAC 75 MG COMPRIMIDOS | I15: MED64 | J15: Diclofenac Comp x 75 mg | K15: =SUMIF('1120 SJ'!$A$2:$A$679,$G15,'1120 SJ'!$I$2:$I$679) | L15: =SUMIF('1120 SJ'!$A$2:$A$679,$G15,'1120 SJ'!$Q$2:$Q$679) | M15: =$K15-$L15 | N15: =IFERROR(SUMIF('1120 SJ'!$A$2:$A$679,$G15,'1120 SJ'!$M$2:$M$679)/$K15,0) | O15: =IFERROR($K15*$N15,"") | P15: =IFERROR($L15*$N15,"") | Q15: =$M15*$N15 | S15: Alta | T15: Homologado – confianza Alta | U15: Dar de baja en SAP | V15: Homologación por nombre Avain (master M01-002) | W15: No | Y15: Sí | Z15: M01-002 | AA15: Homologación: confianza base Alta + confianza SAP Alta → Alta. El material ocupa 7 filas en la hoja 1120 SJ (lote/almacén). La cantidad SAP y la física de esta vista son el total del material.
A16: San Juan | B16: 1120 | C16: Stock SAP | D16: Descartables | E16: ZDES | F16: Dentro del alcance | G16: 2000041 | H16: BARBIJO TRIPLE RECTO C/ELÁSTI | K16: =SUMIF('1120 SJ'!$A$2:$A$679,$G16,'1120 SJ'!$I$2:$I$679) | L16: =SUMIF('1120 SJ'!$A$2:$A$679,$G16,'1120 SJ'!$Q$2:$Q$679) | M16: =$K16-$L16 | N16: =IFERROR(SUMIF('1120 SJ'!$A$2:$A$679,$G16,'1120 SJ'!$M$2:$M$679)/$K16,0) | O16: =IFERROR($K16*$N16,"") | P16: =IFERROR($L16*$N16,"") | Q16: =$M16*$N16 | T16: Sin recuento físico en el inventario de Avain | U16: Sin recuento físico
A17: San Juan | B17: 1120 | C17: Stock SAP | D17: Descartables | E17: ZDES | F17: Dentro del alcance | G17: 2000023 | H17: GUIA MACROGOTERO Nª14 | I17: DESC73 | J17: Guia Macrogotero | K17: =SUMIF('1120 SJ'!$A$2:$A$679,$G17,'1120 SJ'!$I$2:$I$679) | L17: =SUMIF('1120 SJ'!$A$2:$A$679,$G17,'1120 SJ'!$Q$2:$Q$679) | M17: =$K17-$L17 | N17: =IFERROR(SUMIF('1120 SJ'!$A$2:$A$679,$G17,'1120 SJ'!$M$2:$M$679)/$K17,0) | O17: =IFERROR($K17*$N17,"") | P17: =IFERROR($L17*$N17,"") | Q17: =$M17*$N17 | S17: Media | T17: Homologado – confianza Media – pendiente de validación | U17: Dar de baja en SAP | V17: Homologación por código Avain (master D-131) | W17: No | Y17: Sí | Z17: D-131 | AA17: Homologación: confianza base Media + confianza SAP Alta → Media.
A18: San Juan | B18: 1120 | C18: Stock SAP | D18: Medicamentos | E18: ZMED | F18: Dentro del alcance | G18: 1000045 | H18: DICLOFENAC 75MG AMPOLLA 3ML | I18: MED62 | J18: Diclofenac 75mg Amp x 3ml | K18: =SUMIF('1120 SJ'!$A$2:$A$679,$G18,'1120 SJ'!$I$2:$I$679) | L18: =SUMIF('1120 SJ'!$A$2:$A$679,$G18,'1120 SJ'!$Q$2:$Q$679) | M18: =$K18-$L18 | N18: =IFERROR(SUMIF('1120 SJ'!$A$2:$A$679,$G18,'1120 SJ'!$M$2:$M$679)/$K18,0) | O18: =IFERROR($K18*$N18,"") | P18: =IFERROR($L18*$N18,"") | Q18: =$M18*$N18 | S18: Alta | T18: Homologado – confianza Alta | U18: Dar de baja en SAP | V18: Homologación por código Avain (master M01-003) | W18: No | Y18: Sí | Z18: M01-003 | AA18: Homologación: confianza base Alta + confianza SAP Alta → Alta. El material ocupa 7 filas en la hoja 1120 SJ (lote/almacén). La cantidad SAP y la física de esta vista son el total del material.
A19: San Juan | B19: 1120 | C19: Stock SAP | D19: Medicamentos | E19: ZMED | F19: Dentro del alcance | G19: 1000105 | H19: METOCLOPRAMIDA 10MG/2ML AMPOLLA | I19: MED130 | J19: Metoclopramida 10 mg Amp x 2 ml | K19: =SUMIF('1120 SJ'!$A$2:$A$679,$G19,'1120 SJ'!$I$2:$I$679) | L19: =SUMIF('1120 SJ'!$A$2:$A$679,$G19,'1120 SJ'!$Q$2:$Q$679) | M19: =$K19-$L19 | N19: =IFERROR(SUMIF('1120 SJ'!$A$2:$A$679,$G19,'1120 SJ'!$M$2:$M$679)/$K19,0) | O19: =IFERROR($K19*$N19,"") | P19: =IFERROR($L19*$N19,"") | Q19: =$M19*$N19 | S19: Alta | T19: Homologado – confianza Alta | U19: Dar de baja en SAP | V19: Homologación por código Avain (master M08-001) | W19: No | Y19: Sí | Z19: M08-001 | AA19: Homologación: confianza base Alta + confianza SAP Alta → Alta. El material ocupa 7 filas en la hoja 1120 SJ (lote/almacén). La cantidad SAP y la física de esta vista son el total del material.
A20: San Juan | B20: 1120 | C20: Stock SAP | D20: Medicamentos | E20: ZMED | F20: Dentro del alcance | G20: 1000129 | H20: KETOROLAC 10MG SUBLINGUAL | I20: MED110 | J20: Ketorolac Comp SL X 10 mg | K20: =SUMIF('1120 SJ'!$A$2:$A$679,$G20,'1120 SJ'!$I$2:$I$679) | L20: =SUMIF('1120 SJ'!$A$2:$A$679,$G20,'1120 SJ'!$Q$2:$Q$679) | M20: =$K20-$L20 | N20: =IFERROR(SUMIF('1120 SJ'!$A$2:$A$679,$G20,'1120 SJ'!$M$2:$M$679)/$K20,0) | O20: =IFERROR($K20*$N20,"") | P20: =IFERROR($L20*$N20,"") | Q20: =$M20*$N20 | S20: Alta | T20: Homologado – confianza Alta | U20: Dar de baja en SAP | V20: Homologación por código Avain (master M01-006) | W20: No | Y20: Sí | Z20: M01-006 | AA20: Homologación: confianza base Alta + confianza SAP Alta → Alta. El material ocupa 7 filas en la hoja 1120 SJ (lote/almacén). La cantidad SAP y la física de esta vista son el total del material.
A21: San Juan | B21: 1120 | C21: Stock SAP | D21: Descartables | E21: ZDES | F21: Dentro del alcance | G21: 2000008 | H21: AGUJA HIPODERMICA 21G x 1 - 25/8 | I21: DESC12 | J21: Agujas 25/8 | K21: =SUMIF('1120 SJ'!$A$2:$A$679,$G21,'1120 SJ'!$I$2:$I$679) | L21: =SUMIF('1120 SJ'!$A$2:$A$679,$G21,'1120 SJ'!$Q$2:$Q$679) | M21: =$K21-$L21 | N21: =IFERROR(SUMIF('1120 SJ'!$A$2:$A$679,$G21,'1120 SJ'!$M$2:$M$679)/$K21,0) | O21: =IFERROR($K21*$N21,"") | P21: =IFERROR($L21*$N21,"") | Q21: =$M21*$N21 | S21: Alta | T21: Homologado – confianza Alta | U21: Dar de baja en SAP | V21: Homologación por código Avain (master D-138) | W21: No | Y21: Sí | Z21: D-138 | AA21: Homologación: confianza base Alta + confianza SAP Alta → Alta.
A22: San Juan | B22: 1120 | C22: Stock SAP | D22: Medicamentos | E22: ZMED | F22: Dentro del alcance | G22: 1000182 | H22: METOCLOPRAMIDA COMPRIMIDO | I22: MED132 | J22: Metoclopramida S/L comp | K22: =SUMIF('1120 SJ'!$A$2:$A$679,$G22,'1120 SJ'!$I$2:$I$679) | L22: =SUMIF('1120 SJ'!$A$2:$A$679,$G22,'1120 SJ'!$Q$2:$Q$679) | M22: =$K22-$L22 | N22: =IFERROR(SUMIF('1120 SJ'!$A$2:$A$679,$G22,'1120 SJ'!$M$2:$M$679)/$K22,0) | O22: =IFERROR($K22*$N22,"") | P22: =IFERROR($L22*$N22,"") | Q22: =$M22*$N22 | S22: Alta | T22: Homologado – confianza Alta | U22: Dar de baja en SAP | V22: Cruce por nomenclatura SAP | W22: No | Y22: No | AA22: Cruce por nomenclatura: similitud 0.87.
A23: San Juan | B23: 1120 | C23: Stock SAP | D23: Medicamentos | E23: ZMED | F23: Dentro del alcance | G23: 1000816 | H23: AMOXICILINA+AC.CLA 875MG/125MG x 14 COMP | K23: =SUMIF('1120 SJ'!$A$2:$A$679,$G23,'1120 SJ'!$I$2:$I$679) | L23: =SUMIF('1120 SJ'!$A$2:$A$679,$G23,'1120 SJ'!$Q$2:$Q$679) | M23: =$K23-$L23 | N23: =IFERROR(SUMIF('1120 SJ'!$A$2:$A$679,$G23,'1120 SJ'!$M$2:$M$679)/$K23,0) | O23: =IFERROR($K23*$N23,"") | P23: =IFERROR($L23*$N23,"") | Q23: =$M23*$N23 | T23: Sin recuento físico en el inventario de Avain | U23: Sin recuento físico | AA23: El material ocupa 2 filas en la hoja 1120 SJ (lote/almacén). La cantidad SAP y la física de esta vista son el total del material.
A24: San Juan | B24: 1120 | C24: Stock SAP | D24: Medicamentos | E24: ZMED | F24: Dentro del alcance | G24: 1000089 | H24: SOLUCION FISIOLOGICA DE 500CC | I24: MED168 | J24: Solucion fisiológica x 500 ml | K24: =SUMIF('1120 SJ'!$A$2:$A$679,$G24,'1120 SJ'!$I$2:$I$679) | L24: =SUMIF('1120 SJ'!$A$2:$A$679,$G24,'1120 SJ'!$Q$2:$Q$679) | M24: =$K24-$L24 | N24: =IFERROR(SUMIF('1120 SJ'!$A$2:$A$679,$G24,'1120 SJ'!$M$2:$M$679)/$K24,0) | O24: =IFERROR($K24*$N24,"") | P24: =IFERROR($L24*$N24,"") | Q24: =$M24*$N24 | S24: Media | T24: Homologado – confianza Media – pendiente de validación | U24: Dar de baja en SAP | V24: Homologación por código Avain (master M13-001) | W24: No | Y24: Sí | Z24: M13-001 | AA24: Homologación: confianza base Media + confianza SAP Alta → Media. Otros códigos SAP del master no están en el stock de este centro: 1005145. El material ocupa 11 filas en la hoja 1120 SJ (lote/almacén). La cantidad SAP y la física de esta vista son el total del material.
A25: San Juan | B25: 1120 | C25: Stock SAP | D25: Descartables | E25: ZDES | F25: Dentro del alcance | G25: 2000009 | H25: AGUJA HIPODERMICA 21G x 1 ½ - 40/8 | I25: DESC13 | J25: Agujas 40/8 | K25: =SUMIF('1120 SJ'!$A$2:$A$679,$G25,'1120 SJ'!$I$2:$I$679) | L25: =SUMIF('1120 SJ'!$A$2:$A$679,$G25,'1120 SJ'!$Q$2:$Q$679) | M25: =$K25-$L25 | N25: =IFERROR(SUMIF('1120 SJ'!$A$2:$A$679,$G25,'1120 SJ'!$M$2:$M$679)/$K25,0) | O25: =IFERROR($K25*$N25,"") | P25: =IFERROR($L25*$N25,"") | Q25: =$M25*$N25 | S25: Alta | T25: Homologado – confianza Alta | U25: Dar de baja en SAP | V25: Homologación por código Avain (master D-139) | W25: No | Y25: Sí | Z25: D-139 | AA25: Homologación: confianza base Alta + confianza SAP Alta → Alta.
A26: San Juan | B26: 1120 | C26: Stock SAP | D26: Medicamentos | E26: ZMED | F26: Dentro del alcance | G26: 1000144 | H26: LORATADINA 10 MG COMP | K26: =SUMIF('1120 SJ'!$A$2:$A$679,$G26,'1120 SJ'!$I$2:$I$679) | L26: =SUMIF('1120 SJ'!$A$2:$A$679,$G26,'1120 SJ'!$Q$2:$Q$679) | M26: =$K26-$L26 | N26: =IFERROR(SUMIF('1120 SJ'!$A$2:$A$679,$G26,'1120 SJ'!$M$2:$M$679)/$K26,0) | O26: =IFERROR($K26*$N26,"") | P26: =IFERROR($L26*$N26,"") | Q26: =$M26*$N26 | T26: Sin recuento físico en el inventario de Avain | U26: Sin recuento físico | AA26: El material ocupa 2 filas en la hoja 1120 SJ (lote/almacén). La cantidad SAP y la física de esta vista son el total del material.
A27: San Juan | B27: 1120 | C27: Stock SAP | D27: Medicamentos | E27: ZMED | F27: Dentro del alcance | G27: 1000597 | H27: LOPERAMIDA 2MG COMPRIMIDO | I27: MED118 | J27: Loperamida Comp x 2 mg | K27: =SUMIF('1120 SJ'!$A$2:$A$679,$G27,'1120 SJ'!$I$2:$I$679) | L27: =SUMIF('1120 SJ'!$A$2:$A$679,$G27,'1120 SJ'!$Q$2:$Q$679) | M27: =$K27-$L27 | N27: =IFERROR(SUMIF('1120 SJ'!$A$2:$A$679,$G27,'1120 SJ'!$M$2:$M$679)/$K27,0) | O27: =IFERROR($K27*$N27,"") | P27: =IFERROR($L27*$N27,"") | Q27: =$M27*$N27 | S27: Alta | T27: Homologado – confianza Alta | U27: Dar de baja en SAP | V27: Cruce por nomenclatura SAP | W27: No | Y27: Sí | AA27: Cruce por nomenclatura: dosis coincide; similitud 0.97. El material ocupa 5 filas en la hoja 1120 SJ (lote/almacén). La cantidad SAP y la física de esta vista son el total del material.
A28: San Juan | B28: 1120 | C28: Stock SAP | D28: Descartables | E28: ZDES | F28: Dentro del alcance | G28: 2000007 | H28: AGUJA HIPODERMICA 25G x ⅝ - 16/5 | I28: DESC11 | J28: Agujas 16/5 | K28: =SUMIF('1120 SJ'!$A$2:$A$679,$G28,'1120 SJ'!$I$2:$I$679) | L28: =SUMIF('1120 SJ'!$A$2:$A$679,$G28,'1120 SJ'!$Q$2:$Q$679) | M28: =$K28-$L28 | N28: =IFERROR(SUMIF('1120 SJ'!$A$2:$A$679,$G28,'1120 SJ'!$M$2:$M$679)/$K28,0) | O28: =IFERROR($K28*$N28,"") | P28: =IFERROR($L28*$N28,"") | Q28: =$M28*$N28 | S28: Alta | T28: Homologado – confianza Alta | U28: Dar de baja en SAP | V28: Homologación por código Avain (master D-140) | W28: No | Y28: Sí | Z28: D-140 | AA28: Homologación: confianza base Alta + confianza SAP Alta → Alta.
A29: San Juan | B29: 1120 | C29: Stock SAP | D29: Medicamentos | E29: ZMED | F29: Dentro del alcance | G29: 1000529 | H29: DEXAMETASONA 4 MG COMPRIMIDOS | K29: =SUMIF('1120 SJ'!$A$2:$A$679,$G29,'1120 SJ'!$I$2:$I$679) | L29: =SUMIF('1120 SJ'!$A$2:$A$679,$G29,'1120 SJ'!$Q$2:$Q$679) | M29: =$K29-$L29 | N29: =IFERROR(SUMIF('1120 SJ'!$A$2:$A$679,$G29,'1120 SJ'!$M$2:$M$679)/$K29,0) | O29: =IFERROR($K29*$N29,"") | P29: =IFERROR($L29*$N29,"") | Q29: =$M29*$N29 | T29: Sin recuento físico en el inventario de Avain | U29: Sin recuento físico | AA29: El material ocupa 5 filas en la hoja 1120 SJ (lote/almacén). La cantidad SAP y la física de esta vista son el total del material.
A30: San Juan | B30: 1120 | C30: Stock SAP | D30: Medicamentos | E30: ZMED | F30: Dentro del alcance | G30: 1001129 | H30: BUCOANGIN CARAM ANTIB X9 | I30: MED30 | J30: Caramelos antigripales con benzocaina 20.7mg | K30: =SUMIF('1120 SJ'!$A$2:$A$679,$G30,'1120 SJ'!$I$2:$I$679) | L30: =SUMIF('1120 SJ'!$A$2:$A$679,$G30,'1120 SJ'!$Q$2:$Q$679) | M30: =$K30-$L30 | N30: =IFERROR(SUMIF('1120 SJ'!$A$2:$A$679,$G30,'1120 SJ'!$M$2:$M$679)/$K30,0) | O30: =IFERROR($K30*$N30,"") | P30: =IFERROR($L30*$N30,"") | Q30: =$M30*$N30 | S30: Baja | T30: Homologado – confianza Baja – pendiente de validación | U30: Dar de baja en SAP | V30: Homologación por código Avain (master M01-017) | W30: No | Y30: Sí | Z30: M01-017 | AA30: Homologación: confianza base Baja + confianza SAP Alta → Baja. La nomenclatura del material imputado no respalda por sí sola la equivalencia (similitud 0.09); el vínculo proviene sólo de la homologación. Nivel degradado a Baja. El material ocupa 15 filas en la hoja 1120 SJ (lote/almacén). La cantidad SAP y la física de esta vista son el total del material.
A31: San Juan | B31: 1120 | C31: Stock SAP | D31: Medicamentos | E31: ZMED | F31: Dentro del alcance | G31: 1000122 | H31: METOCLOPRAMIDA DE 10MG SL | I31: MED131 | J31: Metoclopramida Comp x 10 mg | K31: =SUMIF('1120 SJ'!$A$2:$A$679,$G31,'1120 SJ'!$I$2:$I$679) | L31: =SUMIF('1120 SJ'!$A$2:$A$679,$G31,'1120 SJ'!$Q$2:$Q$679) | M31: =$K31-$L31 | N31: =IFERROR(SUMIF('1120 SJ'!$A$2:$A$679,$G31,'1120 SJ'!$M$2:$M$679)/$K31,0) | O31: =IFERROR($K31*$N31,"") | P31: =IFERROR($L31*$N31,"") | Q31: =$M31*$N31 | S31: Alta | T31: Homologado – confianza Alta | U31: Dar de baja en SAP | V31: Homologación por código Avain (master M08-002) | W31: No | Y31: Sí | Z31: M08-002 | AA31: Homologación: confianza base Alta + confianza SAP Alta → Alta. El material ocupa 3 filas en la hoja 1120 SJ (lote/almacén). La cantidad SAP y la física de esta vista son el total del material.
A32: San Juan | B32: 1120 | C32: Stock SAP | D32: Medicamentos | E32: ZMED | F32: Dentro del alcance | G32: 1000196 | H32: KETOROLAC 30 MG/1ML AMP | I32: MED109 | J32: Ketorolac 30mg Amp x 1 ml | K32: =SUMIF('1120 SJ'!$A$2:$A$679,$G32,'1120 SJ'!$I$2:$I$679) | L32: =SUMIF('1120 SJ'!$A$2:$A$679,$G32,'1120 SJ'!$Q$2:$Q$679) | M32: =$K32-$L32 | N32: =IFERROR(SUMIF('1120 SJ'!$A$2:$A$679,$G32,'1120 SJ'!$M$2:$M$679)/$K32,0) | O32: =IFERROR($K32*$N32,"") | P32: =IFERROR($L32*$N32,"") | Q32: =$M32*$N32 | S32: Alta | T32: Homologado – confianza Alta | U32: Dar de baja en SAP | V32: Homologación por código Avain (master M01-007) | W32: No | Y32: Sí | Z32: M01-007 | AA32: Homologación: confianza base Alta + confianza SAP Alta → Alta. El material ocupa 2 filas en la hoja 1120 SJ (lote/almacén). La cantidad SAP y la física de esta vista son el total del material.
A33: San Juan | B33: 1120 | C33: Stock SAP | D33: Descartables | E33: ZDES | F33: Dentro del alcance | G33: 2000005 | H33: CATETER INTRAVENOSO 20G T/ABBOCATH | I33: DESC4 | J33: Abbocath Nº 20 | K33: =SUMIF('1120 SJ'!$A$2:$A$679,$G33,'1120 SJ'!$I$2:$I$679) | L33: =SUMIF('1120 SJ'!$A$2:$A$679,$G33,'1120 SJ'!$Q$2:$Q$679) | M33: =$K33-$L33 | N33: =IFERROR(SUMIF('1120 SJ'!$A$2:$A$679,$G33,'1120 SJ'!$M$2:$M$679)/$K33,0) | O33: =IFERROR($K33*$N33,"") | P33: =IFERROR($L33*$N33,"") | Q33: =$M33*$N33 | S33: Alta | T33: Homologado – confianza Alta | U33: Dar de baja en SAP | V33: Homologación por código Avain (master D-128) | W33: No | Y33: Sí | Z33: D-128 | AA33: Homologación: confianza base Alta + confianza SAP Alta → Alta.
A34: San Juan | B34: 1120 | C34: Stock SAP | D34: Medicamentos | E34: ZMED | F34: Dentro del alcance | G34: 1001291 | H34: KETOROLAC 30 MG/2ML AMP | K34: =SUMIF('1120 SJ'!$A$2:$A$679,$G34,'1120 SJ'!$I$2:$I$679) | L34: =SUMIF('1120 SJ'!$A$2:$A$679,$G34,'1120 SJ'!$Q$2:$Q$679) | M34: =$K34-$L34 | N34: =IFERROR(SUMIF('1120 SJ'!$A$2:$A$679,$G34,'1120 SJ'!$M$2:$M$679)/$K34,0) | O34: =IFERROR($K34*$N34,"") | P34: =IFERROR($L34*$N34,"") | Q34: =$M34*$N34 | T34: Sin recuento físico en el inventario de Avain | U34: Sin recuento físico | AA34: El material ocupa 4 filas en la hoja 1120 SJ (lote/almacén). La cantidad SAP y la física de esta vista son el total del material.
A35: San Juan | B35: 1120 | C35: Stock SAP | D35: Descartables | E35: ZDES | F35: Dentro del alcance | G35: 2000522 | H35: APOSITO 10X20 SYRA | K35: =SUMIF('1120 SJ'!$A$2:$A$679,$G35,'1120 SJ'!$I$2:$I$679) | L35: =SUMIF('1120 SJ'!$A$2:$A$679,$G35,'1120 SJ'!$Q$2:$Q$679) | M35: =$K35-$L35 | N35: =IFERROR(SUMIF('1120 SJ'!$A$2:$A$679,$G35,'1120 SJ'!$M$2:$M$679)/$K35,0) | O35: =IFERROR($K35*$N35,"") | P35: =IFERROR($L35*$N35,"") | Q35: =$M35*$N35 | T35: Sin recuento físico en el inventario de Avain | U35: Sin recuento físico
A36: San Juan | B36: 1120 | C36: Stock SAP | D36: Descartables | E36: ZDES | F36: Dentro del alcance | G36: 2000027 | H36: JERINGA DE 5 ML | I36: DESC80 | J36: Jeringas 5 cc | K36: =SUMIF('1120 SJ'!$A$2:$A$679,$G36,'1120 SJ'!$I$2:$I$679) | L36: =SUMIF('1120 SJ'!$A$2:$A$679,$G36,'1120 SJ'!$Q$2:$Q$679) | M36: =$K36-$L36 | N36: =IFERROR(SUMIF('1120 SJ'!$A$2:$A$679,$G36,'1120 SJ'!$M$2:$M$679)/$K36,0) | O36: =IFERROR($K36*$N36,"") | P36: =IFERROR($L36*$N36,"") | Q36: =$M36*$N36 | S36: Alta | T36: Homologado – confianza Alta | U36: Dar de baja en SAP | V36: Homologación por código Avain (master D-135) | W36: No | Y36: Sí | Z36: D-135 | AA36: Homologación: confianza base Alta + confianza SAP Alta → Alta.
A37: San Juan | B37: 1120 | C37: Stock SAP | D37: Medicamentos | E37: ZMED | F37: Dentro del alcance | G37: 1001297 | H37: PULMONIX ANTIGRIP 20 COMP | I37: MED156 | J37: Antigripal comp | K37: =SUMIF('1120 SJ'!$A$2:$A$679,$G37,'1120 SJ'!$I$2:$I$679) | L37: =SUMIF('1120 SJ'!$A$2:$A$679,$G37,'1120 SJ'!$Q$2:$Q$679) | M37: =$K37-$L37 | N37: =IFERROR(SUMIF('1120 SJ'!$A$2:$A$679,$G37,'1120 SJ'!$M$2:$M$679)/$K37,0) | O37: =IFERROR($K37*$N37,"") | P37: =IFERROR($L37*$N37,"") | Q37: =$M37*$N37 | S37: Media | T37: Homologado – confianza Media – pendiente de validación | U37: Dar de baja en SAP | V37: Cruce por nomenclatura SAP | W37: No | Y37: No | AA37: Cruce por nomenclatura: similitud 0.62. El material ocupa 3 filas en la hoja 1120 SJ (lote/almacén). La cantidad SAP y la física de esta vista son el total del material.
A38: San Juan | B38: 1120 | C38: Stock SAP | D38: Medicamentos | E38: ZMED | F38: Dentro del alcance | G38: 1000022 | H38: DIPIRONA 1G AMPOLLA DE 2ML INYECTABLE | I38: MED69 | J38: Dipirona 1gr Amp x 2 ml | K38: =SUMIF('1120 SJ'!$A$2:$A$679,$G38,'1120 SJ'!$I$2:$I$679) | L38: =SUMIF('1120 SJ'!$A$2:$A$679,$G38,'1120 SJ'!$Q$2:$Q$679) | M38: =$K38-$L38 | N38: =IFERROR(SUMIF('1120 SJ'!$A$2:$A$679,$G38,'1120 SJ'!$M$2:$M$679)/$K38,0) | O38: =IFERROR($K38*$N38,"") | P38: =IFERROR($L38*$N38,"") | Q38: =$M38*$N38 | S38: Alta | T38: Homologado – confianza Alta | U38: Dar de baja en SAP | V38: Cruce por nomenclatura SAP | W38: No | Y38: Sí | AA38: Cruce por nomenclatura: dosis coincide; similitud 0.77. El material ocupa 4 filas en la hoja 1120 SJ (lote/almacén). La cantidad SAP y la física de esta vista son el total del material.
A39: San Juan | B39: 1120 | C39: Stock SAP | D39: Medicamentos | E39: ZMED | F39: Dentro del alcance | G39: 1000035 | H39: SOLUCIÓN RINGER LACTATO 500 ML | I39: MED169 | J39: Solución ringer lactato x 500 ml | K39: =SUMIF('1120 SJ'!$A$2:$A$679,$G39,'1120 SJ'!$I$2:$I$679) | L39: =SUMIF('1120 SJ'!$A$2:$A$679,$G39,'1120 SJ'!$Q$2:$Q$679) | M39: =$K39-$L39 | N39: =IFERROR(SUMIF('1120 SJ'!$A$2:$A$679,$G39,'1120 SJ'!$M$2:$M$679)/$K39,0) | O39: =IFERROR($K39*$N39,"") | P39: =IFERROR($L39*$N39,"") | Q39: =$M39*$N39 | S39: Alta | T39: Homologado – confianza Alta | U39: Dar de baja en SAP | V39: Homologación por código Avain (master M13-003) | W39: No | Y39: Sí | Z39: M13-003 | AA39: Homologación: confianza base Alta + confianza SAP Alta → Alta. El material ocupa 6 filas en la hoja 1120 SJ (lote/almacén). La cantidad SAP y la física de esta vista son el total del material.
A40: San Juan | B40: 1120 | C40: Stock SAP | D40: Medicamentos | E40: ZMED | F40: Dentro del alcance | G40: 1000059 | H40: BUTIL BROMURO DE HIOSCINA 20MG AMPOLLA | I40: MED100 | J40: Hioscina x 20 mg Amp x 1 ml | K40: =SUMIF('1120 SJ'!$A$2:$A$679,$G40,'1120 SJ'!$I$2:$I$679) | L40: =SUMIF('1120 SJ'!$A$2:$A$679,$G40,'1120 SJ'!$Q$2:$Q$679) | M40: =$K40-$L40 | N40: =IFERROR(SUMIF('1120 SJ'!$A$2:$A$679,$G40,'1120 SJ'!$M$2:$M$679)/$K40,0) | O40: =IFERROR($K40*$N40,"") | P40: =IFERROR($L40*$N40,"") | Q40: =$M40*$N40 | S40: Media | T40: Homologado – confianza Media – pendiente de validación | U40: Dar de baja en SAP | V40: Homologación por código Avain (master M08-003) | W40: No | Y40: Sí | Z40: M08-003 | AA40: Homologación: confianza base Media + confianza SAP Alta → Media. El material ocupa 6 filas en la hoja 1120 SJ (lote/almacén). La cantidad SAP y la física de esta vista son el total del material.
A41: San Juan | B41: 1120 | C41: Stock SAP | D41: Medicamentos | E41: ZMED | F41: Dentro del alcance | G41: 1000520 | H41: DICLOFENAC 50MG + PRIDINOL 4MG | K41: =SUMIF('1120 SJ'!$A$2:$A$679,$G41,'1120 SJ'!$I$2:$I$679) | L41: =SUMIF('1120 SJ'!$A$2:$A$679,$G41,'1120 SJ'!$Q$2:$Q$679) | M41: =$K41-$L41 | N41: =IFERROR(SUMIF('1120 SJ'!$A$2:$A$679,$G41,'1120 SJ'!$M$2:$M$679)/$K41,0) | O41: =IFERROR($K41*$N41,"") | P41: =IFERROR($L41*$N41,"") | Q41: =$M41*$N41 | T41: Sin recuento físico en el inventario de Avain | U41: Sin recuento físico | AA41: El material ocupa 2 filas en la hoja 1120 SJ (lote/almacén). La cantidad SAP y la física de esta vista son el total del material.
A42: San Juan | B42: 1120 | C42: Stock SAP | D42: Descartables | E42: ZDES | F42: Dentro del alcance | G42: 2001536 | H42: CATETER ARGYLE N° 20 | K42: =SUMIF('1120 SJ'!$A$2:$A$679,$G42,'1120 SJ'!$I$2:$I$679) | L42: =SUMIF('1120 SJ'!$A$2:$A$679,$G42,'1120 SJ'!$Q$2:$Q$679) | M42: =$K42-$L42 | N42: =IFERROR(SUMIF('1120 SJ'!$A$2:$A$679,$G42,'1120 SJ'!$M$2:$M$679)/$K42,0) | O42: =IFERROR($K42*$N42,"") | P42: =IFERROR($L42*$N42,"") | Q42: =$M42*$N42 | T42: Sin recuento físico en el inventario de Avain | U42: Sin recuento físico
A43: San Juan | B43: 1120 | C43: Stock SAP | D43: Medicamentos | E43: ZMED | F43: Dentro del alcance | G43: 1005260 | H43: KETOROLAC 20MG SUBLINGUAL | K43: =SUMIF('1120 SJ'!$A$2:$A$679,$G43,'1120 SJ'!$I$2:$I$679) | L43: =SUMIF('1120 SJ'!$A$2:$A$679,$G43,'1120 SJ'!$Q$2:$Q$679) | M43: =$K43-$L43 | N43: =IFERROR(SUMIF('1120 SJ'!$A$2:$A$679,$G43,'1120 SJ'!$M$2:$M$679)/$K43,0) | O43: =IFERROR($K43*$N43,"") | P43: =IFERROR($L43*$N43,"") | Q43: =$M43*$N43 | T43: Sin recuento físico en el inventario de Avain | U43: Sin recuento físico | AA43: El material ocupa 2 filas en la hoja 1120 SJ (lote/almacén). La cantidad SAP y la física de esta vista son el total del material.
A44: San Juan | B44: 1120 | C44: Stock SAP | D44: Descartables | E44: ZDES | F44: Dentro del alcance | G44: 2000157 | H44: GUANTES DE EXAMINACIÓN TALLE L | K44: =SUMIF('1120 SJ'!$A$2:$A$679,$G44,'1120 SJ'!$I$2:$I$679) | L44: =SUMIF('1120 SJ'!$A$2:$A$679,$G44,'1120 SJ'!$Q$2:$Q$679) | M44: =$K44-$L44 | N44: =IFERROR(SUMIF('1120 SJ'!$A$2:$A$679,$G44,'1120 SJ'!$M$2:$M$679)/$K44,0) | O44: =IFERROR($K44*$N44,"") | P44: =IFERROR($L44*$N44,"") | Q44: =$M44*$N44 | T44: Sin recuento físico en el inventario de Avain | U44: Sin recuento físico
A45: San Juan | B45: 1120 | C45: Stock SAP | D45: Descartables | E45: ZDES | F45: Dentro del alcance | G45: 2000022 | H45: GUANTES ESTERILES Nº 8 POR PAR | K45: =SUMIF('1120 SJ'!$A$2:$A$679,$G45,'1120 SJ'!$I$2:$I$679) | L45: =SUMIF('1120 SJ'!$A$2:$A$679,$G45,'1120 SJ'!$Q$2:$Q$679) | M45: =$K45-$L45 | N45: =IFERROR(SUMIF('1120 SJ'!$A$2:$A$679,$G45,'1120 SJ'!$M$2:$M$679)/$K45,0) | O45: =IFERROR($K45*$N45,"") | P45: =IFERROR($L45*$N45,"") | Q45: =$M45*$N45 | T45: Sin recuento físico en el inventario de Avain | U45: Sin recuento físico
A46: San Juan | B46: 1120 | C46: Stock SAP | D46: Descartables | E46: ZDES | F46: Dentro del alcance | G46: 2001554 | H46: CATETER ARGYLE N° 22 | K46: =SUMIF('1120 SJ'!$A$2:$A$679,$G46,'1120 SJ'!$I$2:$I$679) | L46: =SUMIF('1120 SJ'!$A$2:$A$679,$G46,'1120 SJ'!$Q$2:$Q$679) | M46: =$K46-$L46 | N46: =IFERROR(SUMIF('1120 SJ'!$A$2:$A$679,$G46,'1120 SJ'!$M$2:$M$679)/$K46,0) | O46: =IFERROR($K46*$N46,"") | P46: =IFERROR($L46*$N46,"") | Q46: =$M46*$N46 | T46: Sin recuento físico en el inventario de Avain | U46: Sin recuento físico
A47: San Juan | B47: 1120 | C47: Stock SAP | D47: Descartables | E47: ZDES | F47: Dentro del alcance | G47: 2001709 | H47: INSYTE 20MG 1.16 | K47: =SUMIF('1120 SJ'!$A$2:$A$679,$G47,'1120 SJ'!$I$2:$I$679) | L47: =SUMIF('1120 SJ'!$A$2:$A$679,$G47,'1120 SJ'!$Q$2:$Q$679) | M47: =$K47-$L47 | N47: =IFERROR(SUMIF('1120 SJ'!$A$2:$A$679,$G47,'1120 SJ'!$M$2:$M$679)/$K47,0) | O47: =IFERROR($K47*$N47,"") | P47: =IFERROR($L47*$N47,"") | Q47: =$M47*$N47 | T47: Sin recuento físico en el inventario de Avain | U47: Sin recuento físico
A48: San Juan | B48: 1120 | C48: Stock SAP | D48: Medicamentos | E48: ZMED | F48: Dentro del alcance | G48: 1000977 | H48: OMEPRAZOL 20MG 30U CAPSULAS | K48: =SUMIF('1120 SJ'!$A$2:$A$679,$G48,'1120 SJ'!$I$2:$I$679) | L48: =SUMIF('1120 SJ'!$A$2:$A$679,$G48,'1120 SJ'!$Q$2:$Q$679) | M48: =$K48-$L48 | N48: =IFERROR(SUMIF('1120 SJ'!$A$2:$A$679,$G48,'1120 SJ'!$M$2:$M$679)/$K48,0) | O48: =IFERROR($K48*$N48,"") | P48: =IFERROR($L48*$N48,"") | Q48: =$M48*$N48 | T48: Sin recuento físico en el inventario de Avain | U48: Sin recuento físico
A49: San Juan | B49: 1120 | C49: Stock SAP | D49: Medicamentos | E49: ZMED | F49: Dentro del alcance | G49: 1000094 | H49: DEXAMETASONA INY 4MG/ML AMPOLLA | K49: =SUMIF('1120 SJ'!$A$2:$A$679,$G49,'1120 SJ'!$I$2:$I$679) | L49: =SUMIF('1120 SJ'!$A$2:$A$679,$G49,'1120 SJ'!$Q$2:$Q$679) | M49: =$K49-$L49 | N49: =IFERROR(SUMIF('1120 SJ'!$A$2:$A$679,$G49,'1120 SJ'!$M$2:$M$679)/$K49,0) | O49: =IFERROR($K49*$N49,"") | P49: =IFERROR($L49*$N49,"") | Q49: =$M49*$N49 | T49: Sin recuento físico en el inventario de Avain | U49: Sin recuento físico | AA49: El material ocupa 3 filas en la hoja 1120 SJ (lote/almacén). La cantidad SAP y la física de esta vista son el total del material.
A50: San Juan | B50: 1120 | C50: Stock SAP | D50: Descartables | E50: ZDES | F50: Dentro del alcance | G50: 2000006 | H50: CATETER INTRAVENOSO 22G T/ABBOCATH | I50: DESC5 | J50: Abbocath Nº 22 | K50: =SUMIF('1120 SJ'!$A$2:$A$679,$G50,'1120 SJ'!$I$2:$I$679) | L50: =SUMIF('1120 SJ'!$A$2:$A$679,$G50,'1120 SJ'!$Q$2:$Q$679) | M50: =$K50-$L50 | N50: =IFERROR(SUMIF('1120 SJ'!$A$2:$A$679,$G50,'1120 SJ'!$M$2:$M$679)/$K50,0) | O50: =IFERROR($K50*$N50,"") | P50: =IFERROR($L50*$N50,"") | Q50: =$M50*$N50 | S50: Media | T50: Homologado – confianza Media – pendiente de validación | U50: Dar de baja en SAP | V50: Homologación por código Avain (master D-129) | W50: No | Y50: Sí | Z50: D-129 | AA50: Homologación: confianza base Media + confianza SAP Alta → Media.
A51: San Juan | B51: 1120 | C51: Stock SAP | D51: Descartables | E51: ZDES | F51: Dentro del alcance | G51: 2000021 | H51: GUANTES ESTERILES Nº 7.5 POR PAR | K51: =SUMIF('1120 SJ'!$A$2:$A$679,$G51,'1120 SJ'!$I$2:$I$679) | L51: =SUMIF('1120 SJ'!$A$2:$A$679,$G51,'1120 SJ'!$Q$2:$Q$679) | M51: =$K51-$L51 | N51: =IFERROR(SUMIF('1120 SJ'!$A$2:$A$679,$G51,'1120 SJ'!$M$2:$M$679)/$K51,0) | O51: =IFERROR($K51*$N51,"") | P51: =IFERROR($L51*$N51,"") | Q51: =$M51*$N51 | T51: Sin recuento físico en el inventario de Avain | U51: Sin recuento físico
A52: San Juan | B52: 1120 | C52: Stock SAP | D52: Descartables | E52: ZDES | F52: Dentro del alcance | G52: 2001761 | H52: GUANTES ESTERILES Nº 6.5 POR PAR | K52: =SUMIF('1120 SJ'!$A$2:$A$679,$G52,'1120 SJ'!$I$2:$I$679) | L52: =SUMIF('1120 SJ'!$A$2:$A$679,$G52,'1120 SJ'!$Q$2:$Q$679) | M52: =$K52-$L52 | N52: =IFERROR(SUMIF('1120 SJ'!$A$2:$A$679,$G52,'1120 SJ'!$M$2:$M$679)/$K52,0) | O52: =IFERROR($K52*$N52,"") | P52: =IFERROR($L52*$N52,"") | Q52: =$M52*$N52 | T52: Sin recuento físico en el inventario de Avain | U52: Sin recuento físico
A53: San Juan | B53: 1120 | C53: Stock SAP | D53: Medicamentos | E53: ZMED | F53: Dentro del alcance | G53: 1000570 | H53: VICK VITAPIRENA | K53: =SUMIF('1120 SJ'!$A$2:$A$679,$G53,'1120 SJ'!$I$2:$I$679) | L53: =SUMIF('1120 SJ'!$A$2:$A$679,$G53,'1120 SJ'!$Q$2:$Q$679) | M53: =$K53-$L53 | N53: =IFERROR(SUMIF('1120 SJ'!$A$2:$A$679,$G53,'1120 SJ'!$M$2:$M$679)/$K53,0) | O53: =IFERROR($K53*$N53,"") | P53: =IFERROR($L53*$N53,"") | Q53: =$M53*$N53 | T53: Sin recuento físico en el inventario de Avain | U53: Sin recuento físico | AA53: El material ocupa 3 filas en la hoja 1120 SJ (lote/almacén). La cantidad SAP y la física de esta vista son el total del material.
A54: San Juan | B54: 1120 | C54: Stock SAP | D54: Medicamentos | E54: ZMED | F54: Dentro del alcance | G54: 1000509 | H54: DICLOFENAC + PRIDINOL | K54: =SUMIF('1120 SJ'!$A$2:$A$679,$G54,'1120 SJ'!$I$2:$I$679) | L54: =SUMIF('1120 SJ'!$A$2:$A$679,$G54,'1120 SJ'!$Q$2:$Q$679) | M54: =$K54-$L54 | N54: =IFERROR(SUMIF('1120 SJ'!$A$2:$A$679,$G54,'1120 SJ'!$M$2:$M$679)/$K54,0) | O54: =IFERROR($K54*$N54,"") | P54: =IFERROR($L54*$N54,"") | Q54: =$M54*$N54 | T54: Sin recuento físico en el inventario de Avain | U54: Sin recuento físico | AA54: El material ocupa 7 filas en la hoja 1120 SJ (lote/almacén). La cantidad SAP y la física de esta vista son el total del material.
A55: San Juan | B55: 1120 | C55: Stock SAP | D55: Medicamentos | E55: ZMED | F55: Dentro del alcance | G55: 1000528 | H55: KETOROLAC 20 MG COMPRIMIDOS | I55: MED111 | J55: Ketorolac Comp x 20 mg | K55: =SUMIF('1120 SJ'!$A$2:$A$679,$G55,'1120 SJ'!$I$2:$I$679) | L55: =SUMIF('1120 SJ'!$A$2:$A$679,$G55,'1120 SJ'!$Q$2:$Q$679) | M55: =$K55-$L55 | N55: =IFERROR(SUMIF('1120 SJ'!$A$2:$A$679,$G55,'1120 SJ'!$M$2:$M$679)/$K55,0) | O55: =IFERROR($K55*$N55,"") | P55: =IFERROR($L55*$N55,"") | Q55: =$M55*$N55 | S55: Alta | T55: Homologado – confianza Alta | U55: Dar de baja en SAP | V55: Homologación por código Avain (master M01-018) | W55: No | Y55: Sí | Z55: M01-018 | AA55: Homologación: confianza base Alta + confianza SAP Alta → Alta. El material ocupa 2 filas en la hoja 1120 SJ (lote/almacén). La cantidad SAP y la física de esta vista son el total del material.
A56: San Juan | B56: 1120 | C56: Stock SAP | D56: Medicamentos | E56: ZMED | F56: Dentro del alcance | G56: 1000889 | H56: DICLOFENAC+PRIDINOL COMPRIMIDOS | I56: MED61 | J56: Diclofenac + Pridinol Comp x 50/4 mg | K56: =SUMIF('1120 SJ'!$A$2:$A$679,$G56,'1120 SJ'!$I$2:$I$679) | L56: =SUMIF('1120 SJ'!$A$2:$A$679,$G56,'1120 SJ'!$Q$2:$Q$679) | M56: =$K56-$L56 | N56: =IFERROR(SUMIF('1120 SJ'!$A$2:$A$679,$G56,'1120 SJ'!$M$2:$M$679)/$K56,0) | O56: =IFERROR($K56*$N56,"") | P56: =IFERROR($L56*$N56,"") | Q56: =$M56*$N56 | R56: Valorización a validar: relación de cantidades 77 a 1 entre SAP y el recuento físico. Sugiere distinta unidad de medida (SAP por caja o envase y el recuento por unidad). La diferencia económica de esta fila no debe tomarse como definitiva. | S56: Alta | T56: Homologado – confianza Alta | U56: Dar de baja en SAP | V56: Homologación por código Avain (master M01-004) | W56: No | Y56: Sí | Z56: M01-004 | AA56: Homologación: confianza base Alta + confianza SAP Alta → Alta. El material ocupa 3 filas en la hoja 1120 SJ (lote/almacén). La cantidad SAP y la física de esta vista son el total del material.
A57: San Juan | B57: 1120 | C57: Stock SAP | D57: Medicamentos | E57: ZMED | F57: Dentro del alcance | G57: 1000103 | H57: FENITOINA 100MG /2ML AMPOLLA | K57: =SUMIF('1120 SJ'!$A$2:$A$679,$G57,'1120 SJ'!$I$2:$I$679) | L57: =SUMIF('1120 SJ'!$A$2:$A$679,$G57,'1120 SJ'!$Q$2:$Q$679) | M57: =$K57-$L57 | N57: =IFERROR(SUMIF('1120 SJ'!$A$2:$A$679,$G57,'1120 SJ'!$M$2:$M$679)/$K57,0) | O57: =IFERROR($K57*$N57,"") | P57: =IFERROR($L57*$N57,"") | Q57: =$M57*$N57 | T57: Sin recuento físico en el inventario de Avain | U57: Sin recuento físico | AA57: El material ocupa 2 filas en la hoja 1120 SJ (lote/almacén). La cantidad SAP y la física de esta vista son el total del material.
A58: San Juan | B58: 1120 | C58: Stock SAP | D58: Medicamentos | E58: ZMED | F58: Dentro del alcance | G58: 1000783 | H58: HYPERSOL SOLUC X 25ML | K58: =SUMIF('1120 SJ'!$A$2:$A$679,$G58,'1120 SJ'!$I$2:$I$679) | L58: =SUMIF('1120 SJ'!$A$2:$A$679,$G58,'1120 SJ'!$Q$2:$Q$679) | M58: =$K58-$L58 | N58: =IFERROR(SUMIF('1120 SJ'!$A$2:$A$679,$G58,'1120 SJ'!$M$2:$M$679)/$K58,0) | O58: =IFERROR($K58*$N58,"") | P58: =IFERROR($L58*$N58,"") | Q58: =$M58*$N58 | T58: Sin recuento físico en el inventario de Avain | U58: Sin recuento físico
A59: San Juan | B59: 1120 | C59: Stock SAP | D59: Descartables | E59: ZDES | F59: Dentro del alcance | G59: 2001414 | H59: AGUJA HIPODERMICA 18G x 1 ½ - 40/12 | K59: =SUMIF('1120 SJ'!$A$2:$A$679,$G59,'1120 SJ'!$I$2:$I$679) | L59: =SUMIF('1120 SJ'!$A$2:$A$679,$G59,'1120 SJ'!$Q$2:$Q$679) | M59: =$K59-$L59 | N59: =IFERROR(SUMIF('1120 SJ'!$A$2:$A$679,$G59,'1120 SJ'!$M$2:$M$679)/$K59,0) | O59: =IFERROR($K59*$N59,"") | P59: =IFERROR($L59*$N59,"") | Q59: =$M59*$N59 | T59: Sin recuento físico en el inventario de Avain | U59: Sin recuento físico
A60: San Juan | B60: 1120 | C60: Stock SAP | D60: Medicamentos | E60: ZMED | F60: Dentro del alcance | G60: 1001233 | H60: DIFENHIDRAMINA 10 MG X 1 ML AMP | I60: MED65 | J60: Difenhidramina 10mg Amp x 1 ml | K60: =SUMIF('1120 SJ'!$A$2:$A$679,$G60,'1120 SJ'!$I$2:$I$679) | L60: =SUMIF('1120 SJ'!$A$2:$A$679,$G60,'1120 SJ'!$Q$2:$Q$679) | M60: =$K60-$L60 | N60: =IFERROR(SUMIF('1120 SJ'!$A$2:$A$679,$G60,'1120 SJ'!$M$2:$M$679)/$K60,0) | O60: =IFERROR($K60*$N60,"") | P60: =IFERROR($L60*$N60,"") | Q60: =$M60*$N60 | S60: Alta | T60: Homologado – confianza Alta | U60: Dar de baja en SAP | V60: Homologación por código Avain (master M07-001) | W60: No | Y60: Sí | Z60: M07-001 | AA60: Homologación: confianza base Alta + confianza SAP Alta → Alta. El material ocupa 4 filas en la hoja 1120 SJ (lote/almacén). La cantidad SAP y la física de esta vista son el total del material.
A61: San Juan | B61: 1120 | C61: Stock SAP | D61: Descartables | E61: ZDES | F61: Dentro del alcance | G61: 2000462 | H61: BIGOTERA DESCARTABLE | I61: DESC36 | J61: Canula nasal | K61: =SUMIF('1120 SJ'!$A$2:$A$679,$G61,'1120 SJ'!$I$2:$I$679) | L61: =SUMIF('1120 SJ'!$A$2:$A$679,$G61,'1120 SJ'!$Q$2:$Q$679) | M61: =$K61-$L61 | N61: =IFERROR(SUMIF('1120 SJ'!$A$2:$A$679,$G61,'1120 SJ'!$M$2:$M$679)/$K61,0) | O61: =IFERROR($K61*$N61,"") | P61: =IFERROR($L61*$N61,"") | Q61: =$M61*$N61 | S61: Baja | T61: Homologado – confianza Baja – pendiente de validación | U61: Dar de alta en SAP | V61: Homologación por código Avain (master D-161) | W61: No | Y61: Sí | Z61: D-161 | AA61: Homologación: confianza base Media + confianza SAP Alta → Media. La nomenclatura del material imputado no respalda por sí sola la equivalencia (similitud 0.05); el vínculo proviene sólo de la homologación. Nivel degradado a Baja.
A62: San Juan | B62: 1120 | C62: Stock SAP | D62: Medicamentos | E62: ZMED | F62: Dentro del alcance | G62: 1001195 | H62: Omeprazol 20mg x14 caps | K62: =SUMIF('1120 SJ'!$A$2:$A$679,$G62,'1120 SJ'!$I$2:$I$679) | L62: =SUMIF('1120 SJ'!$A$2:$A$679,$G62,'1120 SJ'!$Q$2:$Q$679) | M62: =$K62-$L62 | N62: =IFERROR(SUMIF('1120 SJ'!$A$2:$A$679,$G62,'1120 SJ'!$M$2:$M$679)/$K62,0) | O62: =IFERROR($K62*$N62,"") | P62: =IFERROR($L62*$N62,"") | Q62: =$M62*$N62 | T62: Sin recuento físico en el inventario de Avain | U62: Sin recuento físico | AA62: El material ocupa 4 filas en la hoja 1120 SJ (lote/almacén). La cantidad SAP y la física de esta vista son el total del material.
A63: San Juan | B63: 1120 | C63: Stock SAP | D63: Medicamentos | E63: ZMED | F63: Dentro del alcance | G63: 1000530 | H63: DIFENHIDRAMINA 50 MG COMPRIMIDOS | I63: MED66 | J63: Difenhidramina 50mg Comp | K63: =SUMIF('1120 SJ'!$A$2:$A$679,$G63,'1120 SJ'!$I$2:$I$679) | L63: =SUMIF('1120 SJ'!$A$2:$A$679,$G63,'1120 SJ'!$Q$2:$Q$679) | M63: =$K63-$L63 | N63: =IFERROR(SUMIF('1120 SJ'!$A$2:$A$679,$G63,'1120 SJ'!$M$2:$M$679)/$K63,0) | O63: =IFERROR($K63*$N63,"") | P63: =IFERROR($L63*$N63,"") | Q63: =$M63*$N63 | S63: Alta | T63: Homologado – confianza Alta | U63: Dar de baja en SAP | V63: Cruce por nomenclatura SAP | W63: No | Y63: No | AA63: Cruce por nomenclatura: dosis coincide; similitud 1.00. El material ocupa 3 filas en la hoja 1120 SJ (lote/almacén). La cantidad SAP y la física de esta vista son el total del material.
A64: San Juan | B64: 1120 | C64: Stock SAP | D64: Medicamentos | E64: ZMED | F64: Dentro del alcance | G64: 1000145 | H64: DEXAMETASONA 0,5 MG COMP | K64: =SUMIF('1120 SJ'!$A$2:$A$679,$G64,'1120 SJ'!$I$2:$I$679) | L64: =SUMIF('1120 SJ'!$A$2:$A$679,$G64,'1120 SJ'!$Q$2:$Q$679) | M64: =$K64-$L64 | N64: =IFERROR(SUMIF('1120 SJ'!$A$2:$A$679,$G64,'1120 SJ'!$M$2:$M$679)/$K64,0) | O64: =IFERROR($K64*$N64,"") | P64: =IFERROR($L64*$N64,"") | Q64: =$M64*$N64 | T64: Sin recuento físico en el inventario de Avain | U64: Sin recuento físico
A65: San Juan | B65: 1120 | C65: Stock SAP | D65: Medicamentos | E65: ZMED | F65: Dentro del alcance | G65: 1000485 | H65: CIPROFLOXACINA 500MG COMP | I65: MED37 | J65: Ciprofloxacina Comp x 500 mg | K65: =SUMIF('1120 SJ'!$A$2:$A$679,$G65,'1120 SJ'!$I$2:$I$679) | L65: =SUMIF('1120 SJ'!$A$2:$A$679,$G65,'1120 SJ'!$Q$2:$Q$679) | M65: =$K65-$L65 | N65: =IFERROR(SUMIF('1120 SJ'!$A$2:$A$679,$G65,'1120 SJ'!$M$2:$M$679)/$K65,0) | O65: =IFERROR($K65*$N65,"") | P65: =IFERROR($L65*$N65,"") | Q65: =$M65*$N65 | S65: Alta | T65: Homologado – confianza Alta | U65: Dar de baja en SAP | V65: Homologación por código Avain (master M11-004) | W65: No | Y65: Sí | Z65: M11-004 | AA65: Homologación: confianza base Alta + confianza SAP Alta → Alta. Otros códigos SAP del master no están en el stock de este centro: 1000853. El material ocupa 2 filas en la hoja 1120 SJ (lote/almacén). La cantidad SAP y la física de esta vista son el total del material.
A66: San Juan | B66: 1120 | C66: Stock SAP | D66: Medicamentos | E66: ZMED | F66: Dentro del alcance | G66: 1005149 | H66: DIPIRONA 500MG COMPRIMIDOS | K66: =SUMIF('1120 SJ'!$A$2:$A$679,$G66,'1120 SJ'!$I$2:$I$679) | L66: =SUMIF('1120 SJ'!$A$2:$A$679,$G66,'1120 SJ'!$Q$2:$Q$679) | M66: =$K66-$L66 | N66: =IFERROR(SUMIF('1120 SJ'!$A$2:$A$679,$G66,'1120 SJ'!$M$2:$M$679)/$K66,0) | O66: =IFERROR($K66*$N66,"") | P66: =IFERROR($L66*$N66,"") | Q66: =$M66*$N66 | T66: Sin recuento físico en el inventario de Avain | U66: Sin recuento físico
A67: San Juan | B67: 1120 | C67: Stock SAP | D67: Descartables | E67: ZDES | F67: Dentro del alcance | G67: 2001553 | H67: CATETER ARGYLE N° 18 | K67: =SUMIF('1120 SJ'!$A$2:$A$679,$G67,'1120 SJ'!$I$2:$I$679) | L67: =SUMIF('1120 SJ'!$A$2:$A$679,$G67,'1120 SJ'!$Q$2:$Q$679) | M67: =$K67-$L67 | N67: =IFERROR(SUMIF('1120 SJ'!$A$2:$A$679,$G67,'1120 SJ'!$M$2:$M$679)/$K67,0) | O67: =IFERROR($K67*$N67,"") | P67: =IFERROR($L67*$N67,"") | Q67: =$M67*$N67 | T67: Sin recuento físico en el inventario de Avain | U67: Sin recuento físico
A68: San Juan | B68: 1120 | C68: Stock SAP | D68: Medicamentos | E68: ZMED | F68: Dentro del alcance | G68: 1000779 | H68: METRONIDAZOL COMP. 500mg | I68: MED133 | J68: Metronidazol 500 mg comp | K68: =SUMIF('1120 SJ'!$A$2:$A$679,$G68,'1120 SJ'!$I$2:$I$679) | L68: =SUMIF('1120 SJ'!$A$2:$A$679,$G68,'1120 SJ'!$Q$2:$Q$679) | M68: =$K68-$L68 | N68: =IFERROR(SUMIF('1120 SJ'!$A$2:$A$679,$G68,'1120 SJ'!$M$2:$M$679)/$K68,0) | O68: =IFERROR($K68*$N68,"") | P68: =IFERROR($L68*$N68,"") | Q68: =$M68*$N68 | S68: Alta | T68: Homologado – confianza Alta | U68: Dar de baja en SAP | V68: Cruce por nomenclatura SAP | W68: No | Y68: Sí | AA68: Cruce por nomenclatura: dosis coincide; similitud 0.95.
A69: San Juan | B69: 1120 | C69: Stock SAP | D69: Medicamentos | E69: ZMED | F69: Dentro del alcance | G69: 1000524 | H69: OMEPRAZOL DE 40 MG AMPOLLAS | I69: MED147 | J69: Omeprazol 40 mg Fco amp polvo p/ rest | K69: =SUMIF('1120 SJ'!$A$2:$A$679,$G69,'1120 SJ'!$I$2:$I$679) | L69: =SUMIF('1120 SJ'!$A$2:$A$679,$G69,'1120 SJ'!$Q$2:$Q$679) | M69: =$K69-$L69 | N69: =IFERROR(SUMIF('1120 SJ'!$A$2:$A$679,$G69,'1120 SJ'!$M$2:$M$679)/$K69,0) | O69: =IFERROR($K69*$N69,"") | P69: =IFERROR($L69*$N69,"") | Q69: =$M69*$N69 | S69: Media | T69: Homologado – confianza Media – pendiente de validación | U69: Dar de baja en SAP | V69: Homologación por código Avain (master M08-006) | W69: No | Y69: Sí | Z69: M08-006 | AA69: Homologación: confianza base Alta + confianza SAP Media → Media. El material ocupa 4 filas en la hoja 1120 SJ (lote/almacén). La cantidad SAP y la física de esta vista son el total del material.
A70: San Juan | B70: 1120 | C70: Stock SAP | D70: Medicamentos | E70: ZMED | F70: Dentro del alcance | G70: 1000561 | H70: ACETILCISTEINA 600MG COMP | I70: MED139 | J70: N-Acetilcisteina 600 COMP/SOBRE EFERV | K70: =SUMIF('1120 SJ'!$A$2:$A$679,$G70,'1120 SJ'!$I$2:$I$679) | L70: =SUMIF('1120 SJ'!$A$2:$A$679,$G70,'1120 SJ'!$Q$2:$Q$679) | M70: =$K70-$L70 | N70: =IFERROR(SUMIF('1120 SJ'!$A$2:$A$679,$G70,'1120 SJ'!$M$2:$M$679)/$K70,0) | O70: =IFERROR($K70*$N70,"") | P70: =IFERROR($L70*$N70,"") | Q70: =$M70*$N70 | S70: Baja | T70: Homologado – confianza Baja – pendiente de validación | U70: Dar de baja en SAP | V70: Cruce por nomenclatura SAP | W70: No | Y70: No | AA70: Cruce por nomenclatura: una nomenclatura no informa dosis; similitud 0.70. El material ocupa 2 filas en la hoja 1120 SJ (lote/almacén). La cantidad SAP y la física de esta vista son el total del material.
A71: San Juan | B71: 1120 | C71: Stock SAP | D71: Medicamentos | E71: ZMED | F71: Dentro del alcance | G71: 1005231 | H71: LOSARTAN 50MG COMP | I71: MED124 | J71: Losartan 50 mg comp | K71: =SUMIF('1120 SJ'!$A$2:$A$679,$G71,'1120 SJ'!$I$2:$I$679) | L71: =SUMIF('1120 SJ'!$A$2:$A$679,$G71,'1120 SJ'!$Q$2:$Q$679) | M71: =$K71-$L71 | N71: =IFERROR(SUMIF('1120 SJ'!$A$2:$A$679,$G71,'1120 SJ'!$M$2:$M$679)/$K71,0) | O71: =IFERROR($K71*$N71,"") | P71: =IFERROR($L71*$N71,"") | Q71: =$M71*$N71 | S71: Alta | T71: Homologado – confianza Alta | U71: Dar de baja en SAP | V71: Homologación por nombre Avain (master M04-005) | W71: No | Y71: Sí | Z71: M04-005 | AA71: Homologación: confianza base Alta + confianza SAP Alta → Alta.
A72: San Juan | B72: 1120 | C72: Stock SAP | D72: Medicamentos | E72: ZMED | F72: Dentro del alcance | G72: 1005142 | H72: KLONADRYL ANT 50MG COMP | K72: =SUMIF('1120 SJ'!$A$2:$A$679,$G72,'1120 SJ'!$I$2:$I$679) | L72: =SUMIF('1120 SJ'!$A$2:$A$679,$G72,'1120 SJ'!$Q$2:$Q$679) | M72: =$K72-$L72 | N72: =IFERROR(SUMIF('1120 SJ'!$A$2:$A$679,$G72,'1120 SJ'!$M$2:$M$679)/$K72,0) | O72: =IFERROR($K72*$N72,"") | P72: =IFERROR($L72*$N72,"") | Q72: =$M72*$N72 | T72: Sin recuento físico en el inventario de Avain | U72: Sin recuento físico | AA72: El material ocupa 2 filas en la hoja 1120 SJ (lote/almacén). La cantidad SAP y la física de esta vista son el total del material.
A73: San Juan | B73: 1120 | C73: Stock SAP | D73: Medicamentos | E73: ZMED | F73: Dentro del alcance | G73: 1005308 | H73: DIPIRONA 400MG COMPRIMIDOS | K73: =SUMIF('1120 SJ'!$A$2:$A$679,$G73,'1120 SJ'!$I$2:$I$679) | L73: =SUMIF('1120 SJ'!$A$2:$A$679,$G73,'1120 SJ'!$Q$2:$Q$679) | M73: =$K73-$L73 | N73: =IFERROR(SUMIF('1120 SJ'!$A$2:$A$679,$G73,'1120 SJ'!$M$2:$M$679)/$K73,0) | O73: =IFERROR($K73*$N73,"") | P73: =IFERROR($L73*$N73,"") | Q73: =$M73*$N73 | T73: Sin recuento físico en el inventario de Avain | U73: Sin recuento físico
A74: San Juan | B74: 1120 | C74: Stock SAP | D74: Medicamentos | E74: ZMED | F74: Dentro del alcance | G74: 1005326 | H74: BUTIL BROMURO DE HIOSCINA 10MG COMP | K74: =SUMIF('1120 SJ'!$A$2:$A$679,$G74,'1120 SJ'!$I$2:$I$679) | L74: =SUMIF('1120 SJ'!$A$2:$A$679,$G74,'1120 SJ'!$Q$2:$Q$679) | M74: =$K74-$L74 | N74: =IFERROR(SUMIF('1120 SJ'!$A$2:$A$679,$G74,'1120 SJ'!$M$2:$M$679)/$K74,0) | O74: =IFERROR($K74*$N74,"") | P74: =IFERROR($L74*$N74,"") | Q74: =$M74*$N74 | T74: Sin recuento físico en el inventario de Avain | U74: Sin recuento físico
A75: San Juan | B75: 1120 | C75: Stock SAP | D75: Medicamentos | E75: ZMED | F75: Dentro del alcance | G75: 1000387 | H75: AMLODIPINA 10 mg COMPRIMIDOS | K75: =SUMIF('1120 SJ'!$A$2:$A$679,$G75,'1120 SJ'!$I$2:$I$679) | L75: =SUMIF('1120 SJ'!$A$2:$A$679,$G75,'1120 SJ'!$Q$2:$Q$679) | M75: =$K75-$L75 | N75: =IFERROR(SUMIF('1120 SJ'!$A$2:$A$679,$G75,'1120 SJ'!$M$2:$M$679)/$K75,0) | O75: =IFERROR($K75*$N75,"") | P75: =IFERROR($L75*$N75,"") | Q75: =$M75*$N75 | T75: Sin recuento físico en el inventario de Avain | U75: Sin recuento físico | AA75: El material ocupa 2 filas en la hoja 1120 SJ (lote/almacén). La cantidad SAP y la física de esta vista son el total del material.
A76: San Juan | B76: 1120 | C76: Stock SAP | D76: Medicamentos | E76: ZMED | F76: Dentro del alcance | G76: 1005236 | H76: ECAPRILAT 10 MG COMP | K76: =SUMIF('1120 SJ'!$A$2:$A$679,$G76,'1120 SJ'!$I$2:$I$679) | L76: =SUMIF('1120 SJ'!$A$2:$A$679,$G76,'1120 SJ'!$Q$2:$Q$679) | M76: =$K76-$L76 | N76: =IFERROR(SUMIF('1120 SJ'!$A$2:$A$679,$G76,'1120 SJ'!$M$2:$M$679)/$K76,0) | O76: =IFERROR($K76*$N76,"") | P76: =IFERROR($L76*$N76,"") | Q76: =$M76*$N76 | T76: Sin recuento físico en el inventario de Avain | U76: Sin recuento físico
A77: San Juan | B77: 1120 | C77: Stock SAP | D77: Medicamentos | E77: ZMED | F77: Dentro del alcance | G77: 1005285 | H77: AMBROXOL JBE X 100Ml | K77: =SUMIF('1120 SJ'!$A$2:$A$679,$G77,'1120 SJ'!$I$2:$I$679) | L77: =SUMIF('1120 SJ'!$A$2:$A$679,$G77,'1120 SJ'!$Q$2:$Q$679) | M77: =$K77-$L77 | N77: =IFERROR(SUMIF('1120 SJ'!$A$2:$A$679,$G77,'1120 SJ'!$M$2:$M$679)/$K77,0) | O77: =IFERROR($K77*$N77,"") | P77: =IFERROR($L77*$N77,"") | Q77: =$M77*$N77 | T77: Sin recuento físico en el inventario de Avain | U77: Sin recuento físico
A78: San Juan | B78: 1120 | C78: Stock SAP | D78: Descartables | E78: ZDES | F78: Dentro del alcance | G78: 2000128 | H78: ELECTRODOS 3M PARCHES P/CABLE PACIENTE | K78: =SUMIF('1120 SJ'!$A$2:$A$679,$G78,'1120 SJ'!$I$2:$I$679) | L78: =SUMIF('1120 SJ'!$A$2:$A$679,$G78,'1120 SJ'!$Q$2:$Q$679) | M78: =$K78-$L78 | N78: =IFERROR(SUMIF('1120 SJ'!$A$2:$A$679,$G78,'1120 SJ'!$M$2:$M$679)/$K78,0) | O78: =IFERROR($K78*$N78,"") | P78: =IFERROR($L78*$N78,"") | Q78: =$M78*$N78 | T78: Sin recuento físico en el inventario de Avain | U78: Sin recuento físico
A79: San Juan | B79: 1120 | C79: Stock SAP | D79: Descartables | E79: ZDES | F79: Dentro del alcance | G79: 2000354 | H79: APOSITO ESTERIL (G+A) 10X20CM | I79: DESC21 | J79: Apositos estériles | K79: =SUMIF('1120 SJ'!$A$2:$A$679,$G79,'1120 SJ'!$I$2:$I$679) | L79: =SUMIF('1120 SJ'!$A$2:$A$679,$G79,'1120 SJ'!$Q$2:$Q$679) | M79: =$K79-$L79 | N79: =IFERROR(SUMIF('1120 SJ'!$A$2:$A$679,$G79,'1120 SJ'!$M$2:$M$679)/$K79,0) | O79: =IFERROR($K79*$N79,"") | P79: =IFERROR($L79*$N79,"") | Q79: =$M79*$N79 | S79: Media | T79: Homologado – confianza Media – pendiente de validación | U79: Dar de baja en SAP | V79: Homologación por código Avain (master D-142) | W79: No | Y79: Sí | Z79: D-142 | AA79: Homologación: confianza base Media + confianza SAP Alta → Media. Otros códigos SAP del master no están en el stock de este centro: 2000098, 2000278, 2000279.
A80: San Juan | B80: 1120 | C80: Stock SAP | D80: Medicamentos | E80: ZMED | F80: Dentro del alcance | G80: 1000143 | H80: BUTIL BROMURO DE HIOSCINA COMPRIMIDO | K80: =SUMIF('1120 SJ'!$A$2:$A$679,$G80,'1120 SJ'!$I$2:$I$679) | L80: =SUMIF('1120 SJ'!$A$2:$A$679,$G80,'1120 SJ'!$Q$2:$Q$679) | M80: =$K80-$L80 | N80: =IFERROR(SUMIF('1120 SJ'!$A$2:$A$679,$G80,'1120 SJ'!$M$2:$M$679)/$K80,0) | O80: =IFERROR($K80*$N80,"") | P80: =IFERROR($L80*$N80,"") | Q80: =$M80*$N80 | T80: Sin recuento físico en el inventario de Avain | U80: Sin recuento físico
A81: San Juan | B81: 1120 | C81: Stock SAP | D81: Medicamentos | E81: ZMED | F81: Dentro del alcance | G81: 1000204 | H81: AMOXICILINA 850 MG COMPRIMIDOS | K81: =SUMIF('1120 SJ'!$A$2:$A$679,$G81,'1120 SJ'!$I$2:$I$679) | L81: =SUMIF('1120 SJ'!$A$2:$A$679,$G81,'1120 SJ'!$Q$2:$Q$679) | M81: =$K81-$L81 | N81: =IFERROR(SUMIF('1120 SJ'!$A$2:$A$679,$G81,'1120 SJ'!$M$2:$M$679)/$K81,0) | O81: =IFERROR($K81*$N81,"") | P81: =IFERROR($L81*$N81,"") | Q81: =$M81*$N81 | T81: Sin recuento físico en el inventario de Avain | U81: Sin recuento físico
A82: San Juan | B82: 1120 | C82: Stock SAP | D82: Medicamentos | E82: ZMED | F82: Dentro del alcance | G82: 1000136 | H82: ASPIRINA DE 100 MG | K82: =SUMIF('1120 SJ'!$A$2:$A$679,$G82,'1120 SJ'!$I$2:$I$679) | L82: =SUMIF('1120 SJ'!$A$2:$A$679,$G82,'1120 SJ'!$Q$2:$Q$679) | M82: =$K82-$L82 | N82: =IFERROR(SUMIF('1120 SJ'!$A$2:$A$679,$G82,'1120 SJ'!$M$2:$M$679)/$K82,0) | O82: =IFERROR($K82*$N82,"") | P82: =IFERROR($L82*$N82,"") | Q82: =$M82*$N82 | T82: Sin recuento físico en el inventario de Avain | U82: Sin recuento físico
A83: San Juan | B83: 1120 | C83: Stock SAP | D83: Medicamentos | E83: ZMED | F83: Dentro del alcance | G83: 1000384 | H83: RANITIDINA 50 MG AMP | I83: MED159 | J83: Ranitidina 50 mg amp | K83: =SUMIF('1120 SJ'!$A$2:$A$679,$G83,'1120 SJ'!$I$2:$I$679) | L83: =SUMIF('1120 SJ'!$A$2:$A$679,$G83,'1120 SJ'!$Q$2:$Q$679) | M83: =$K83-$L83 | N83: =IFERROR(SUMIF('1120 SJ'!$A$2:$A$679,$G83,'1120 SJ'!$M$2:$M$679)/$K83,0) | O83: =IFERROR($K83*$N83,"") | P83: =IFERROR($L83*$N83,"") | Q83: =$M83*$N83 | R83: Valorización a validar: relación de cantidades 57 a 1 entre SAP y el recuento físico. Sugiere distinta unidad de medida (SAP por caja o envase y el recuento por unidad). La diferencia económica de esta fila no debe tomarse como definitiva. | S83: Alta | T83: Homologado – confianza Alta | U83: Dar de baja en SAP | V83: Cruce por nomenclatura SAP | W83: No | Y83: No | AA83: Cruce por nomenclatura: dosis coincide; similitud 1.00. El material ocupa 2 filas en la hoja 1120 SJ (lote/almacén). La cantidad SAP y la física de esta vista son el total del material.
A84: San Juan | B84: 1120 | C84: Stock SAP | D84: Uniformes | E84: ZUNI | F84: Fuera del alcance | G84: 3000886 | H84: MEDIAS TERMICAS LARGAS | K84: =SUMIF('1120 SJ'!$A$2:$A$679,$G84,'1120 SJ'!$I$2:$I$679) | L84: =SUMIF('1120 SJ'!$A$2:$A$679,$G84,'1120 SJ'!$Q$2:$Q$679) | M84: =$K84-$L84 | N84: =IFERROR(SUMIF('1120 SJ'!$A$2:$A$679,$G84,'1120 SJ'!$M$2:$M$679)/$K84,0) | O84: =IFERROR($K84*$N84,"") | P84: =IFERROR($L84*$N84,"") | Q84: =$M84*$N84 | T84: No aplica: uniformes, clasificación que el inventario físico de Farmacia no releva | U84: Fuera del alcance del inventario físico
A85: San Juan | B85: 1120 | C85: Stock SAP | D85: Medicamentos | E85: ZMED | F85: Dentro del alcance | G85: 1001053 | H85: Ambroxol susp x 120ml | K85: =SUMIF('1120 SJ'!$A$2:$A$679,$G85,'1120 SJ'!$I$2:$I$679) | L85: =SUMIF('1120 SJ'!$A$2:$A$679,$G85,'1120 SJ'!$Q$2:$Q$679) | M85: =$K85-$L85 | N85: =IFERROR(SUMIF('1120 SJ'!$A$2:$A$679,$G85,'1120 SJ'!$M$2:$M$679)/$K85,0) | O85: =IFERROR($K85*$N85,"") | P85: =IFERROR($L85*$N85,"") | Q85: =$M85*$N85 | T85: Sin recuento físico en el inventario de Avain | U85: Sin recuento físico | AA85: El material ocupa 4 filas en la hoja 1120 SJ (lote/almacén). La cantidad SAP y la física de esta vista son el total del material.
A86: San Juan | B86: 1120 | C86: Stock SAP | D86: Medicamentos | E86: ZMED | F86: Dentro del alcance | G86: 1000486 | H86: AZITROMICINA 500 MG COMP | I86: MED18 | J86: Azitromicina Comp x 500 mg | K86: =SUMIF('1120 SJ'!$A$2:$A$679,$G86,'1120 SJ'!$I$2:$I$679) | L86: =SUMIF('1120 SJ'!$A$2:$A$679,$G86,'1120 SJ'!$Q$2:$Q$679) | M86: =$K86-$L86 | N86: =IFERROR(SUMIF('1120 SJ'!$A$2:$A$679,$G86,'1120 SJ'!$M$2:$M$679)/$K86,0) | O86: =IFERROR($K86*$N86,"") | P86: =IFERROR($L86*$N86,"") | Q86: =$M86*$N86 | S86: Alta | T86: Homologado – confianza Alta | U86: Dar de baja en SAP | V86: Cruce por nomenclatura SAP | W86: No | Y86: Sí | AA86: Cruce por nomenclatura: dosis coincide; similitud 0.95. El material ocupa 3 filas en la hoja 1120 SJ (lote/almacén). La cantidad SAP y la física de esta vista son el total del material.
A87: San Juan | B87: 1120 | C87: Stock SAP | D87: Medicamentos | E87: ZMED | F87: Dentro del alcance | G87: 1005092 | H87: BUTEFINA 500MG X 80COMP | K87: =SUMIF('1120 SJ'!$A$2:$A$679,$G87,'1120 SJ'!$I$2:$I$679) | L87: =SUMIF('1120 SJ'!$A$2:$A$679,$G87,'1120 SJ'!$Q$2:$Q$679) | M87: =$K87-$L87 | N87: =IFERROR(SUMIF('1120 SJ'!$A$2:$A$679,$G87,'1120 SJ'!$M$2:$M$679)/$K87,0) | O87: =IFERROR($K87*$N87,"") | P87: =IFERROR($L87*$N87,"") | Q87: =$M87*$N87 | T87: Sin recuento físico en el inventario de Avain | U87: Sin recuento físico
A88: San Juan | B88: 1120 | C88: Stock SAP | D88: Medicamentos | E88: ZMED | F88: Dentro del alcance | G88: 1001013 | H88: SODIO CLORURO 25ML SPRAY | K88: =SUMIF('1120 SJ'!$A$2:$A$679,$G88,'1120 SJ'!$I$2:$I$679) | L88: =SUMIF('1120 SJ'!$A$2:$A$679,$G88,'1120 SJ'!$Q$2:$Q$679) | M88: =$K88-$L88 | N88: =IFERROR(SUMIF('1120 SJ'!$A$2:$A$679,$G88,'1120 SJ'!$M$2:$M$679)/$K88,0) | O88: =IFERROR($K88*$N88,"") | P88: =IFERROR($L88*$N88,"") | Q88: =$M88*$N88 | T88: Sin recuento físico en el inventario de Avain | U88: Sin recuento físico | AA88: El material ocupa 3 filas en la hoja 1120 SJ (lote/almacén). La cantidad SAP y la física de esta vista son el total del material.
A89: San Juan | B89: 1120 | C89: Stock SAP | D89: Medicamentos | E89: ZMED | F89: Dentro del alcance | G89: 1000784 | H89: LAGRIMAS NATURALES GOTAS OFTALM | I89: MED114 | J89: Lagrimas naturales Gotas oftalm 15ml | K89: =SUMIF('1120 SJ'!$A$2:$A$679,$G89,'1120 SJ'!$I$2:$I$679) | L89: =SUMIF('1120 SJ'!$A$2:$A$679,$G89,'1120 SJ'!$Q$2:$Q$679) | M89: =$K89-$L89 | N89: =IFERROR(SUMIF('1120 SJ'!$A$2:$A$679,$G89,'1120 SJ'!$M$2:$M$679)/$K89,0) | O89: =IFERROR($K89*$N89,"") | P89: =IFERROR($L89*$N89,"") | Q89: =$M89*$N89 | R89: Valorización a validar: relación de cantidades 78 a 1 entre SAP y el recuento físico. Sugiere distinta unidad de medida (SAP por caja o envase y el recuento por unidad). La diferencia económica de esta fila no debe tomarse como definitiva. | S89: Alta | T89: Homologado – confianza Alta | U89: Dar de baja en SAP | V89: Cruce por nomenclatura SAP | W89: No | Y89: Sí | AA89: Cruce por nomenclatura: una nomenclatura no informa dosis; similitud 0.91. El material ocupa 6 filas en la hoja 1120 SJ (lote/almacén). La cantidad SAP y la física de esta vista son el total del material.
A90: San Juan | B90: 1120 | C90: Stock SAP | D90: Medicamentos | E90: ZMED | F90: Dentro del alcance | G90: 1000752 | H90: SALES DE HIDRATACION | I90: MED162 | J90: Sales de Rehidratación (FM) sobre x 28gr | K90: =SUMIF('1120 SJ'!$A$2:$A$679,$G90,'1120 SJ'!$I$2:$I$679) | L90: =SUMIF('1120 SJ'!$A$2:$A$679,$G90,'1120 SJ'!$Q$2:$Q$679) | M90: =$K90-$L90 | N90: =IFERROR(SUMIF('1120 SJ'!$A$2:$A$679,$G90,'1120 SJ'!$M$2:$M$679)/$K90,0) | O90: =IFERROR($K90*$N90,"") | P90: =IFERROR($L90*$N90,"") | Q90: =$M90*$N90 | R90: Valorización a validar: relación de cantidades 76 a 1 entre SAP y el recuento físico. Sugiere distinta unidad de medida (SAP por caja o envase y el recuento por unidad). La diferencia económica de esta fila no debe tomarse como definitiva. | S90: Media | T90: Homologado – confianza Media – pendiente de validación | U90: Dar de baja en SAP | V90: Cruce por nomenclatura SAP | W90: No | Y90: No | AA90: Cruce por nomenclatura: una nomenclatura no informa dosis; similitud 0.68. El material ocupa 4 filas en la hoja 1120 SJ (lote/almacén). La cantidad SAP y la física de esta vista son el total del material.
A91: San Juan | B91: 1120 | C91: Stock SAP | D91: Medicamentos | E91: ZMED | F91: Dentro del alcance | G91: 1000753 | H91: MEDPREDNISONA | K91: =SUMIF('1120 SJ'!$A$2:$A$679,$G91,'1120 SJ'!$I$2:$I$679) | L91: =SUMIF('1120 SJ'!$A$2:$A$679,$G91,'1120 SJ'!$Q$2:$Q$679) | M91: =$K91-$L91 | N91: =IFERROR(SUMIF('1120 SJ'!$A$2:$A$679,$G91,'1120 SJ'!$M$2:$M$679)/$K91,0) | O91: =IFERROR($K91*$N91,"") | P91: =IFERROR($L91*$N91,"") | Q91: =$M91*$N91 | T91: Sin recuento físico en el inventario de Avain | U91: Sin recuento físico
A92: San Juan | B92: 1120 | C92: Stock SAP | D92: Descartables | E92: ZDES | F92: Dentro del alcance | G92: 2001218 | H92: CATETER IV N° 16 | K92: =SUMIF('1120 SJ'!$A$2:$A$679,$G92,'1120 SJ'!$I$2:$I$679) | L92: =SUMIF('1120 SJ'!$A$2:$A$679,$G92,'1120 SJ'!$Q$2:$Q$679) | M92: =$K92-$L92 | N92: =IFERROR(SUMIF('1120 SJ'!$A$2:$A$679,$G92,'1120 SJ'!$M$2:$M$679)/$K92,0) | O92: =IFERROR($K92*$N92,"") | P92: =IFERROR($L92*$N92,"") | Q92: =$M92*$N92 | T92: Sin recuento físico en el inventario de Avain | U92: Sin recuento físico
A93: San Juan | B93: 1120 | C93: Stock SAP | D93: Descartables | E93: ZDES | F93: Dentro del alcance | G93: 2000185 | H93: PROLONGADOR DE JERINGA BT 26 X 1.5 MTRS | K93: =SUMIF('1120 SJ'!$A$2:$A$679,$G93,'1120 SJ'!$I$2:$I$679) | L93: =SUMIF('1120 SJ'!$A$2:$A$679,$G93,'1120 SJ'!$Q$2:$Q$679) | M93: =$K93-$L93 | N93: =IFERROR(SUMIF('1120 SJ'!$A$2:$A$679,$G93,'1120 SJ'!$M$2:$M$679)/$K93,0) | O93: =IFERROR($K93*$N93,"") | P93: =IFERROR($L93*$N93,"") | Q93: =$M93*$N93 | T93: Sin recuento físico en el inventario de Avain | U93: Sin recuento físico
A94: San Juan | B94: 1120 | C94: Stock SAP | D94: Medicamentos | E94: ZMED | F94: Dentro del alcance | G94: 1000021 | H94: DIAZEPAM 10MG AMPOLLA DE 2ML INYECTABLE | I94: MED60 | J94: Diazepam 10 mg (Ps) Amp x 2 ml | K94: =SUMIF('1120 SJ'!$A$2:$A$679,$G94,'1120 SJ'!$I$2:$I$679) | L94: =SUMIF('1120 SJ'!$A$2:$A$679,$G94,'1120 SJ'!$Q$2:$Q$679) | M94: =$K94-$L94 | N94: =IFERROR(SUMIF('1120 SJ'!$A$2:$A$679,$G94,'1120 SJ'!$M$2:$M$679)/$K94,0) | O94: =IFERROR($K94*$N94,"") | P94: =IFERROR($L94*$N94,"") | Q94: =$M94*$N94 | S94: Alta | T94: Homologado – confianza Alta | U94: Dar de baja en SAP | V94: Homologación por código Avain (master M09-001) | W94: No | Y94: Sí | Z94: M09-001 | AA94: Homologación: confianza base Alta + confianza SAP Alta → Alta. El material ocupa 2 filas en la hoja 1120 SJ (lote/almacén). La cantidad SAP y la física de esta vista son el total del material.
A95: San Juan | B95: 1120 | C95: Stock SAP | D95: Medicamentos | E95: ZMED | F95: Dentro del alcance | G95: 1000290 | H95: AGUA DESTILADA DE 10 ML | K95: =SUMIF('1120 SJ'!$A$2:$A$679,$G95,'1120 SJ'!$I$2:$I$679) | L95: =SUMIF('1120 SJ'!$A$2:$A$679,$G95,'1120 SJ'!$Q$2:$Q$679) | M95: =$K95-$L95 | N95: =IFERROR(SUMIF('1120 SJ'!$A$2:$A$679,$G95,'1120 SJ'!$M$2:$M$679)/$K95,0) | O95: =IFERROR($K95*$N95,"") | P95: =IFERROR($L95*$N95,"") | Q95: =$M95*$N95 | T95: Sin recuento físico en el inventario de Avain | U95: Sin recuento físico | AA95: El material ocupa 4 filas en la hoja 1120 SJ (lote/almacén). La cantidad SAP y la física de esta vista son el total del material.
A96: San Juan | B96: 1120 | C96: Stock SAP | D96: Medicamentos | E96: ZMED | F96: Dentro del alcance | G96: 1005140 | H96: ENALAPRIL 10MG X 10COMP | I96: MED72 | J96: Enalapril Comp x 10 mg | K96: =SUMIF('1120 SJ'!$A$2:$A$679,$G96,'1120 SJ'!$I$2:$I$679) | L96: =SUMIF('1120 SJ'!$A$2:$A$679,$G96,'1120 SJ'!$Q$2:$Q$679) | M96: =$K96-$L96 | N96: =IFERROR(SUMIF('1120 SJ'!$A$2:$A$679,$G96,'1120 SJ'!$M$2:$M$679)/$K96,0) | O96: =IFERROR($K96*$N96,"") | P96: =IFERROR($L96*$N96,"") | Q96: =$M96*$N96 | S96: Alta | T96: Homologado – confianza Alta | U96: Dar de baja en SAP | V96: Homologación por código Avain (master M04-003) | W96: No | Y96: Sí | Z96: M04-003 | AA96: Homologación: confianza base Alta + confianza SAP Alta → Alta. El material ocupa 2 filas en la hoja 1120 SJ (lote/almacén). La cantidad SAP y la física de esta vista son el total del material.
A97: San Juan | B97: 1120 | C97: Stock SAP | D97: Uniformes | E97: ZUNI | F97: Fuera del alcance | G97: 3000884 | H97: PASA MONTAÑAS TERMICOS | K97: =SUMIF('1120 SJ'!$A$2:$A$679,$G97,'1120 SJ'!$I$2:$I$679) | L97: =SUMIF('1120 SJ'!$A$2:$A$679,$G97,'1120 SJ'!$Q$2:$Q$679) | M97: =$K97-$L97 | N97: =IFERROR(SUMIF('1120 SJ'!$A$2:$A$679,$G97,'1120 SJ'!$M$2:$M$679)/$K97,0) | O97: =IFERROR($K97*$N97,"") | P97: =IFERROR($L97*$N97,"") | Q97: =$M97*$N97 | T97: No aplica: uniformes, clasificación que el inventario físico de Farmacia no releva | U97: Fuera del alcance del inventario físico
A98: San Juan | B98: 1120 | C98: Stock SAP | D98: Medicamentos | E98: ZMED | F98: Dentro del alcance | G98: 1000100 | H98: FUROSEMIDA AMPOLLA DE 20 MG/2ML | K98: =SUMIF('1120 SJ'!$A$2:$A$679,$G98,'1120 SJ'!$I$2:$I$679) | L98: =SUMIF('1120 SJ'!$A$2:$A$679,$G98,'1120 SJ'!$Q$2:$Q$679) | M98: =$K98-$L98 | N98: =IFERROR(SUMIF('1120 SJ'!$A$2:$A$679,$G98,'1120 SJ'!$M$2:$M$679)/$K98,0) | O98: =IFERROR($K98*$N98,"") | P98: =IFERROR($L98*$N98,"") | Q98: =$M98*$N98 | T98: Sin recuento físico en el inventario de Avain | U98: Sin recuento físico | AA98: El material ocupa 3 filas en la hoja 1120 SJ (lote/almacén). La cantidad SAP y la física de esta vista son el total del material.
A99: San Juan | B99: 1120 | C99: Stock SAP | D99: Medicamentos | E99: ZMED | F99: Dentro del alcance | G99: 1000901 | H99: ESOMEPRAZOL 40MG 28U CAPSULAS | K99: =SUMIF('1120 SJ'!$A$2:$A$679,$G99,'1120 SJ'!$I$2:$I$679) | L99: =SUMIF('1120 SJ'!$A$2:$A$679,$G99,'1120 SJ'!$Q$2:$Q$679) | M99: =$K99-$L99 | N99: =IFERROR(SUMIF('1120 SJ'!$A$2:$A$679,$G99,'1120 SJ'!$M$2:$M$679)/$K99,0) | O99: =IFERROR($K99*$N99,"") | P99: =IFERROR($L99*$N99,"") | Q99: =$M99*$N99 | T99: Sin recuento físico en el inventario de Avain | U99: Sin recuento físico
A100: San Juan | B100: 1120 | C100: Stock SAP | D100: Medicamentos | E100: ZMED | F100: Dentro del alcance | G100: 1001106 | H100: MEPREDNISONA 8MG COMP. | K100: =SUMIF('1120 SJ'!$A$2:$A$679,$G100,'1120 SJ'!$I$2:$I$679) | L100: =SUMIF('1120 SJ'!$A$2:$A$679,$G100,'1120 SJ'!$Q$2:$Q$679) | M100: =$K100-$L100 | N100: =IFERROR(SUMIF('1120 SJ'!$A$2:$A$679,$G100,'1120 SJ'!$M$2:$M$679)/$K100,0) | O100: =IFERROR($K100*$N100,"") | P100: =IFERROR($L100*$N100,"") | Q100: =$M100*$N100 | T100: Sin recuento físico en el inventario de Avain | U100: Sin recuento físico
A101: San Juan | B101: 1120 | C101: Stock SAP | D101: Medicamentos | E101: ZMED | F101: Dentro del alcance | G101: 1005284 | H101: AMBROXOL + BUTEMAT JBE X 120Ml | I101: MED108 | J101: Jarabe (Ambroxol - Clorhidrato) 120 ml | K101: =SUMIF('1120 SJ'!$A$2:$A$679,$G101,'1120 SJ'!$I$2:$I$679) | L101: =SUMIF('1120 SJ'!$A$2:$A$679,$G101,'1120 SJ'!$Q$2:$Q$679) | M101: =$K101-$L101 | N101: =IFERROR(SUMIF('1120 SJ'!$A$2:$A$679,$G101,'1120 SJ'!$M$2:$M$679)/$K101,0) | O101: =IFERROR($K101*$N101,"") | P101: =IFERROR($L101*$N101,"") | Q101: =$M101*$N101 | S101: Baja | T101: Homologado – confianza Baja – pendiente de validación | U101: Dar de baja en SAP | V101: Cruce por nomenclatura SAP | W101: Sí | X101: 1005284, 1005285 | Y101: No | AA101: Cruce por nomenclatura: dosis coincide; similitud 0.62. El cruce SAP–Avain identificó 2 códigos SAP como posibles equivalentes del mismo ítem de Avain (1005284, 1005285). Se imputó al primero (lógica BUSCARV); requiere validación posterior.
A102: San Juan | B102: 1120 | C102: Stock SAP | D102: Uniformes | E102: ZUNI | F102: Fuera del alcance | G102: 3002055 | H102: MAMELUCO DESCARTABLE | K102: =SUMIF('1120 SJ'!$A$2:$A$679,$G102,'1120 SJ'!$I$2:$I$679) | L102: =SUMIF('1120 SJ'!$A$2:$A$679,$G102,'1120 SJ'!$Q$2:$Q$679) | M102: =$K102-$L102 | N102: =IFERROR(SUMIF('1120 SJ'!$A$2:$A$679,$G102,'1120 SJ'!$M$2:$M$679)/$K102,0) | O102: =IFERROR($K102*$N102,"") | P102: =IFERROR($L102*$N102,"") | Q102: =$M102*$N102 | T102: No aplica: uniformes, clasificación que el inventario físico de Farmacia no releva | U102: Fuera del alcance del inventario físico
...

Sheet Dar de baja en SAP
A2: Materiales a dar de baja en SAP
A3: Materiales con recuento físico donde SAP informa MÁS unidades que el recuento. La cantidad a ajustar es la diferencia y se valoriza al valor promedio ponderado. Ordenado por impacto económico.
A5: Base | B5: Centro | C5: Clasificación SAP | D5: Código SAP (Material) | E5: Nomenclatura SAP | F5: Código Avain | G5: Nombre en inventario físico Avain | H5: Cantidad SAP · UNIDADES | I5: Cantidad física · UNIDADES | J5: Cantidad a ajustar · UNIDADES | K5: VU promedio ponderado · IMPORTE $ por unidad | L5: Valor económico del ajuste · IMPORTE $ | M5: Nivel de coincidencia | N5: Estado de homologación / validación | O5: Alerta de valorización | P5: Observaciones
A6: Neuquén | B6: 1060 | C6: Descartables | D6: 2001249 | E6: TIRAS REACTIVAS OPTIUM NEO H | F6: 340; 385 | G6: TIRAS REACTIVAS HGT; TIRAS REACTIVAS OPTIUM NEO H (CAJA X 50) | H6: 25947 | I6: 0 | J6: 25947 | K6: 415.07167 | L6: =$J6*$K6 | M6: Media | N6: Homologado – confianza Media – pendiente de validación | P6: Varias denominaciones del inventario físico corresponden a este material SAP (340 TIRAS REACTIVAS HGT; 385 TIRAS REACTIVAS OPTIUM NEO H (CAJA X 50)). Se sumaron las cantidades físicas. Homologación: confianza base Alta + confianza SAP Media → Media. Otros códigos SAP del master no están en el stock de este centro: 2001327, 2001422. Cruce por nomenclatura: similitud 0.88. El material ocupa 2 filas en la hoja 1060 NQN (lote/almacén). La cantidad SAP y la física de esta vista son el total del material.
A7: Neuquén | B7: 1060 | C7: Descartables | D7: 2001752 | E7: TEST 6 DROGAS x saliva | F7: 374 | G7: TEST DE DROGA SALIVA (CAJA X 25 UNIDADES) | H7: 340 | I7: 8 | J7: 332 | K7: 27080.835 | L7: =$J7*$K7 | M7: Baja | N7: Homologado – confianza Baja – pendiente de validación | P7: Cruce por nomenclatura: calibre/talle/medida distinta; similitud 0.62. El material ocupa 2 filas en la hoja 1060 NQN (lote/almacén). La cantidad SAP y la física de esta vista son el total del material.
A8: San Juan | B8: 1120 | C8: Descartables | D8: 2000363 | E8: MASCARA PARA O2 ADULTO CON RESERVORIO | F8: DESC93 | G8: Mascaras para oxigeno c/ reservorio | H8: 2912 | I8: 50 | J8: 2862 | K8: 1594.028 | L8: =$J8*$K8 | M8: Media | N8: Homologado – confianza Media – pendiente de validación | O8: Valorización a validar: relación de cantidades 58 a 1 entre SAP y el recuento físico. Sugiere distinta unidad de medida (SAP por caja o envase y el recuento por unidad). La diferencia económica de esta fila no debe tomarse como definitiva. | P8: Homologación: confianza base Media + confianza SAP Media → Media. Otros códigos SAP del master no están en el stock de este centro: 2000364.
A9: Neuquén | B9: 1060 | C9: Medicamentos | D9: 1000089 | E9: SOLUCION FISIOLOGICA DE 500CC | F9: 212 | G9: SOLUCIÓN FISIOLÓGICA | H9: 3471 | I9: 0 | J9: 3471 | K9: 1081.6857 | L9: =$J9*$K9 | M9: Media | N9: Homologado – confianza Media – pendiente de validación | P9: Homologación: confianza base Media + confianza SAP Alta → Media. Otros códigos SAP del master no están en el stock de este centro: 1005145. El material ocupa 23 filas en la hoja 1060 NQN (lote/almacén). La cantidad SAP y la física de esta vista son el total del material.
A10: Neuquén | B10: 1060 | C10: Medicamentos | D10: 1000010 | E10: HIDROCORTISONA 500MG AMPOLLA | F10: 130 | G10: HIDROCORTISONA 500 MG AMP | H10: 2010 | I10: 343 | J10: 1667 | K10: 2174.7838 | L10: =$J10*$K10 | M10: Alta | N10: Homologado – confianza Alta | P10: Homologación: confianza base Alta + confianza SAP Alta → Alta. El material ocupa 17 filas en la hoja 1060 NQN (lote/almacén). La cantidad SAP y la física de esta vista son el total del material.
A11: Neuquén | B11: 1060 | C11: Medicamentos | D11: 1000199 | E11: GLUCONATO DE CALCIO | F11: 122 | G11: GLUCONATO DE CALCIO AMP | H11: 3010 | I11: 290 | J11: 2720 | K11: 1303.294 | L11: =$J11*$K11 | M11: Alta | N11: Homologado – confianza Alta | P11: Homologado al master M03-006, pero sus códigos SAP (1005248) no figuran en el stock SAP de este centro. Cruce por nomenclatura: similitud 0.93. El material ocupa 2 filas en la hoja 1060 NQN (lote/almacén). La cantidad SAP y la física de esta vista son el total del material.
A12: Neuquén | B12: 1060 | C12: Medicamentos | D12: 1000005 | E12: AMIODARONA 150MG AMPOLLA DE 3 ML INYEC | F12: 342 | G12: AMIODARONA AMP | H12: 3456 | I12: 55 | J12: 3401 | K12: 947.2201 | L12: =$J12*$K12 | M12: Media | N12: Homologado – confianza Media – pendiente de validación | O12: Valorización a validar: relación de cantidades 63 a 1 entre SAP y el recuento físico. Sugiere distinta unidad de medida (SAP por caja o envase y el recuento por unidad). La diferencia económica de esta fila no debe tomarse como definitiva. | P12: Homologación: confianza base Media + confianza SAP Alta → Media. El material ocupa 26 filas en la hoja 1060 NQN (lote/almacén). La cantidad SAP y la física de esta vista son el total del material.
A13: Neuquén | B13: 1060 | C13: Medicamentos | D13: 1000124 | E13: IBUPROFENO COMP 600MG | F13: 396 | G13: IBUPROFENO 600MG COMP RECUBIERTOS | H13: 21380 | I13: 690 | J13: 20690 | K13: 148.22198 | L13: =$J13*$K13 | M13: Media | N13: Homologado – confianza Media – pendiente de validación | P13: Homologación: confianza base Media + confianza SAP Alta → Media. El material ocupa 34 filas en la hoja 1060 NQN (lote/almacén). La cantidad SAP y la física de esta vista son el total del material.
A14: Neuquén | B14: 1060 | C14: Medicamentos | D14: 1000430 | E14: POEN BIOPTAL GOTAS | F14: 188; 390 | G14: POEN-BIOPTAL NF COLIRIO; POENBIOPTAL GOTAS OFT X 5 ML | H14: 689 | I14: 79 | J14: 610 | K14: 4448.8275 | L14: =$J14*$K14 | M14: Baja | N14: Homologado – confianza Baja – pendiente de validación | P14: Varias denominaciones del inventario físico corresponden a este material SAP (188 POEN-BIOPTAL NF COLIRIO; 390 POENBIOPTAL GOTAS OFT X 5 ML). Se sumaron las cantidades físicas. Cruce por nomenclatura: similitud 0.63. Cruce por nomenclatura: una nomenclatura no informa dosis; similitud 0.64.
A15: Neuquén | B15: 1060 | C15: Medicamentos | D15: 1000045 | E15: DICLOFENAC 75MG AMPOLLA 3ML | F15: 80 | G15: DICLOFENAC AMP | H15: 11285 | I15: 33 | J15: 11252 | K15: 236.1373 | L15: =$J15*$K15 | M15: Media | N15: Homologado – confianza Media – pendiente de validación | O15: Valorización a validar: relación de cantidades 342 a 1 entre SAP y el recuento físico. Sugiere distinta unidad de medida (SAP por caja o envase y el recuento por unidad). La diferencia económica de esta fila no debe tomarse como definitiva. | P15: Cruce por nomenclatura: una nomenclatura no informa dosis; similitud 0.76. El material ocupa 42 filas en la hoja 1060 NQN (lote/almacén). La cantidad SAP y la física de esta vista son el total del material.
A16: Neuquén | B16: 1060 | C16: Medicamentos | D16: 1000035 | E16: SOLUCIÓN RINGER LACTATO 500 ML | F16: 216 | G16: SOLUCIÓN RINGER LACTATO | H16: 1813 | I16: 228 | J16: 1585 | K16: 1562.3013 | L16: =$J16*$K16 | M16: Media | N16: Homologado – confianza Media – pendiente de validación | P16: Homologación: confianza base Media + confianza SAP Alta → Media. El material ocupa 18 filas en la hoja 1060 NQN (lote/almacén). La cantidad SAP y la física de esta vista son el total del material.
A17: Neuquén | B17: 1060 | C17: Descartables | D17: 2000470 | E17: OTOSCOPIO | F17: 530 | G17: OTOSCOPIO | H17: 71 | I17: 11 | J17: 60 | K17: 38328.942 | L17: =$J17*$K17 | M17: Alta | N17: Homologado – confianza Alta | P17: Homologación: confianza base Alta + confianza SAP Alta → Alta. El material ocupa 2 filas en la hoja 1060 NQN (lote/almacén). La cantidad SAP y la física de esta vista son el total del material.
A18: Neuquén | B18: 1060 | C18: Medicamentos | D18: 1000497 | E18: IODOPOVIDONA SOLUC 10% X 60 ML | F18: 137; 469 | G18: IODOPOVIDONA 1000 ML; iodopovidona x 60 ml | H18: 360 | I18: 71 | J18: 289 | K18: 7619.6422 | L18: =$J18*$K18 | M18: Baja | N18: Homologado – confianza Baja – pendiente de validación | P18: Varias denominaciones del inventario físico corresponden a este material SAP (137 IODOPOVIDONA 1000 ML; 469 iodopovidona x 60 ml). Se sumaron las cantidades físicas. Homologación: confianza base Alta + confianza SAP Media → Media. Aunque la homologación vincula estos registros, la presentación no coincide con el material imputado (dosis/presentación distinta (1000ML vs 10%, 60ML); similitud 0.52). Nivel degradado a Baja: verificar si corresponde otro código SAP. Otros códigos SAP del master no están en el stock de este centro: 1000590. Cruce por nomenclatura: dosis coincide; similitud 0.81. El material ocupa 8 filas en la hoja 1060 NQN (lote/almacén). La cantidad SAP y la física de esta vista son el total del material.
A19: Neuquén | B19: 1060 | C19: Medicamentos | D19: 1000094 | E19: DEXAMETASONA INY 4MG/ML AMPOLLA | F19: 73 | G19: DEXAMETASONA AMP | H19: 6527 | I19: 193 | J19: 6334 | K19: 330.95254 | L19: =$J19*$K19 | M19: Media | N19: Homologado – confianza Media – pendiente de validación | P19: Cruce por nomenclatura: una nomenclatura no informa dosis; similitud 0.74. El cruce SAP–Avain identificó 2 códigos SAP como posibles equivalentes del mismo ítem de Avain (1000094, 1000478). Se imputó al primero (lógica BUSCARV); requiere validación posterior. El material ocupa 22 filas en la hoja 1060 NQN (lote/almacén). La cantidad SAP y la física de esta vista son el total del material.
A20: San Juan | B20: 1120 | C20: Medicamentos | D20: 1000478 | E20: DEXAMETASONA 8MG/2ML AMP(DESCONTINUADO) | F20: MED55 | G20: Dexametasona 8mg Amp x 2 ml | H20: 2853 | I20: 100 | J20: 2753 | K20: 702.7041 | L20: =$J20*$K20 | M20: Alta | N20: Homologado – confianza Alta | P20: Homologación: confianza base Alta + confianza SAP Alta → Alta. El material ocupa 12 filas en la hoja 1120 SJ (lote/almacén). La cantidad SAP y la física de esta vista son el total del material.
A21: Neuquén | B21: 1060 | C21: Descartables | D21: 2000058 | E21: LANCETA ESTERIL | F21: 527 | G21: LANCETAS | H21: 20552 | I21: 300 | J21: 20252 | K21: 92.772723 | L21: =$J21*$K21 | M21: Baja | N21: Homologado – confianza Baja – pendiente de validación | O21: Valorización a validar: relación de cantidades 69 a 1 entre SAP y el recuento físico. Sugiere distinta unidad de medida (SAP por caja o envase y el recuento por unidad). La diferencia económica de esta fila no debe tomarse como definitiva. | P21: La homologación no confirma la equivalencia (confianza base Sin coincidencia / confianza SAP Alta). Se imputó al código SAP del master con nivel Baja para no perder el recuento; requiere validación. Homologación: confianza base Sin coincidencia + confianza SAP Alta → Baja. El material ocupa 2 filas en la hoja 1060 NQN (lote/almacén). La cantidad SAP y la física de esta vista son el total del material.
A22: San Juan | B22: 1120 | C22: Medicamentos | D22: 1001129 | E22: BUCOANGIN CARAM ANTIB X9 | F22: MED30 | G22: Caramelos antigripales con benzocaina 20.7mg | H22: 964 | I22: 351 | J22: 613 | K22: 2964.0111 | L22: =$J22*$K22 | M22: Baja | N22: Homologado – confianza Baja – pendiente de validación | P22: Homologación: confianza base Baja + confianza SAP Alta → Baja. La nomenclatura del material imputado no respalda por sí sola la equivalencia (similitud 0.09); el vínculo proviene sólo de la homologación. Nivel degradado a Baja. El material ocupa 15 filas en la hoja 1120 SJ (lote/almacén). La cantidad SAP y la física de esta vista son el total del material.
A23: Neuquén | B23: 1060 | C23: Medicamentos | D23: 1000304 | E23: ADENOSINA 2 ML AMP 3 MG/1 ML | F23: 311 | G23: ADENOSINA AMP | H23: 1116 | I23: 0 | J23: 1116 | K23: 1497.545 | L23: =$J23*$K23 | M23: Media | N23: Homologado – confianza Media – pendiente de validación | P23: Homologación: confianza base Media + confianza SAP Alta → Media. El material ocupa 15 filas en la hoja 1060 NQN (lote/almacén). La cantidad SAP y la física de esta vista son el total del material.
A24: Neuquén | B24: 1060 | C24: Medicamentos | D24: 1000087 | E24: SALBUTAMOL PUFF ("AEROS" 250 DOSIS) 100M | F24: 204 | G24: SALBUTAMOL | H24: 463 | I24: 29 | J24: 434 | K24: 3630.0076 | L24: =$J24*$K24 | M24: Media | N24: Homologado – confianza Media – pendiente de validación | P24: Homologación: confianza base Media + confianza SAP Alta → Media. El material ocupa 14 filas en la hoja 1060 NQN (lote/almacén). La cantidad SAP y la física de esta vista son el total del material.
A25: San Juan | B25: 1120 | C25: Medicamentos | D25: 1000089 | E25: SOLUCION FISIOLOGICA DE 500CC | F25: MED168 | G25: Solucion fisiológica x 500 ml | H25: 1271 | I25: 249 | J25: 1022 | K25: 1447.5172 | L25: =$J25*$K25 | M25: Media | N25: Homologado – confianza Media – pendiente de validación | P25: Homologación: confianza base Media + confianza SAP Alta → Media. Otros códigos SAP del master no están en el stock de este centro: 1005145. El material ocupa 11 filas en la hoja 1120 SJ (lote/almacén). La cantidad SAP y la física de esta vista son el total del material.
A26: Neuquén | B26: 1060 | C26: Medicamentos | D26: 1000002 | E26: ADRENALINA 1MG AMPOLLA DE 1 ML INYEC | F26: MED-006; 2 | G26: Adrenalina 1mg/mL; ADRENALINA INY | H26: 5588 | I26: 603 | J26: 4985 | K26: 287.35597 | L26: =$J26*$K26 | M26: Baja | N26: Homologado – confianza Baja – pendiente de validación | P26: Varias denominaciones del inventario físico corresponden a este material SAP (MED-006 Adrenalina 1mg/mL; 2 ADRENALINA INY). Se sumaron las cantidades físicas. Cruce por nomenclatura: dosis coincide; similitud 0.78. Informe Avain: Diferencia stock actual - saldo de movimientos: 15 La denominación del inventario («ADRENALINA INY») difiere de la que registra el master para ese código («ADRENALINAINY»). Nivel degradado a Baja hasta validar la equivalencia. Homologación: confianza base Media + confianza SAP Alta → Baja. El material ocupa 27 filas en la hoja 1060 NQN (lote/almacén). La cantidad SAP y la física de esta vista son el total del material.
A27: Neuquén | B27: 1060 | C27: Medicamentos | D27: 1000105 | E27: METOCLOPRAMIDA 10MG/2ML AMPOLLA | F27: 160 | G27: METOCLOPRAMIDA AMP | H27: 5600 | I27: 146 | J27: 5454 | K27: 260.12259 | L27: =$J27*$K27 | M27: Media | N27: Homologado – confianza Media – pendiente de validación | P27: Cruce por nomenclatura: una nomenclatura no informa dosis; similitud 0.79. El material ocupa 30 filas en la hoja 1060 NQN (lote/almacén). La cantidad SAP y la física de esta vista son el total del material.
A28: Neuquén | B28: 1060 | C28: Medicamentos | D28: 1000183 | E28: MYLANTA TABLETAS COMPRIMIDOS | F28: 165 | G28: MYLANTA | H28: 5398 | I28: 0 | J28: 5398 | K28: 254.6908 | L28: =$J28*$K28 | M28: Media | N28: Homologado – confianza Media – pendiente de validación | P28: Cruce por nomenclatura: similitud 0.69. El cruce SAP–Avain identificó 2 códigos SAP como posibles equivalentes del mismo ítem de Avain (1000183, 1000188). Se imputó al primero (lógica BUSCARV); requiere validación posterior. El material ocupa 13 filas en la hoja 1060 NQN (lote/almacén). La cantidad SAP y la física de esta vista son el total del material.
A29: Neuquén | B29: 1060 | C29: Descartables | D29: 2001234 | E29: REGULADOR DE FLUJO | F29: 348 | G29: regulador de flujo | H29: 576 | I29: 0 | J29: 576 | K29: 2293.3308 | L29: =$J29*$K29 | M29: Alta | N29: Homologado – confianza Alta | P29: Cruce por nomenclatura: similitud 1.00. El material ocupa 2 filas en la hoja 1060 NQN (lote/almacén). La cantidad SAP y la física de esta vista son el total del material.
A30: Neuquén | B30: 1060 | C30: Descartables | D30: 2000397 | E30: MASCARA LARINGEA Nº 4 | F30: 284; 283 | G30: Mascara laringea N° 5; Mascara laringea n°4 | H30: 167 | I30: 0 | J30: 167 | K30: 7833.2036 | L30: =$J30*$K30 | M30: Baja | N30: Homologado – confianza Baja – pendiente de validación | P30: Varias denominaciones del inventario físico corresponden a este material SAP (284 Mascara laringea N° 5; 283 Mascara laringea n°4). Se sumaron las cantidades físicas. Homologación: confianza base Media + confianza SAP Media → Media. Aunque la homologación vincula estos registros, la presentación no coincide con el material imputado (calibre/talle/medida distinta; similitud 0.65). Nivel degradado a Baja: verificar si corresponde otro código SAP. El cruce SAP–Avain identificó 2 códigos SAP como posibles equivalentes del mismo ítem de Avain (2000397, 2000398). Se imputó al primero (lógica BUSCARV); requiere validación posterior. Cruce por nomenclatura: similitud 1.00. El material ocupa 2 filas en la hoja 1060 NQN (lote/almacén). La cantidad SAP y la física de esta vista son el total del material.
A31: Neuquén | B31: 1060 | C31: Medicamentos | D31: 1000033 | E31: SOLUCIÓN DEXTROSA AL 5% DE 500 CC | F31: 211 | G31: SOLUCION DEXTROSA | H31: 1553 | I31: 273 | J31: 1280 | K31: 976.67319 | L31: =$J31*$K31 | M31: Baja | N31: Homologado – confianza Baja – pendiente de validación | P31: Homologación: confianza base Baja + confianza SAP Alta → Baja. El material ocupa 17 filas en la hoja 1060 NQN (lote/almacén). La cantidad SAP y la física de esta vista son el total del material.
A32: Neuquén | B32: 1060 | C32: Descartables | D32: 2000354 | E32: APOSITO ESTERIL (G+A) 10X20CM | F32: 20 | G32: APOSITO ALGODON ESTERIL | H32: 3560 | I32: 293 | J32: 3267 | K32: 377.8924 | L32: =$J32*$K32 | M32: Media | N32: Homologado – confianza Media – pendiente de validación | P32: Cruce por nomenclatura: una nomenclatura no informa dosis; similitud 0.57. El cruce SAP–Avain identificó 4 códigos SAP como posibles equivalentes del mismo ítem de Avain (2000354, 2000355, 2000095, 2000096). Se imputó al primero (lógica BUSCARV); requiere validación posterior. El material ocupa 2 filas en la hoja 1060 NQN (lote/almacén). La cantidad SAP y la física de esta vista son el total del material.
A33: Neuquén | B33: 1060 | C33: Descartables | D33: 2000553 | E33: TORNIQUETE TACTICO | F33: 303 | G33: TORNIQUETE | H33: 83 | I33: 0 | J33: 83 | K33: 14665.634 | L33: =$J33*$K33 | M33: Media | N33: Homologado – confianza Media – pendiente de validación | P33: Homologación: confianza base Media + confianza SAP Alta → Media. El material ocupa 3 filas en la hoja 1060 NQN (lote/almacén). La cantidad SAP y la física de esta vista son el total del material.
A34: Neuquén | B34: 1060 | C34: Medicamentos | D34: 1001118 | E34: SALES REHIDRATANTES SOBRE POLVO | F34: 401 | G34: SALES DE REHIDRATACION ORAL X 28 GS | H34: 600 | I34: 0 | J34: 600 | K34: 2000 | L34: =$J34*$K34 | M34: Baja | N34: Homologado – confianza Baja – pendiente de validación | P34: Homologación: confianza base Alta + confianza SAP Alta → Alta. La nomenclatura del material imputado no respalda por sí sola la equivalencia (similitud 0.32); el vínculo proviene sólo de la homologación. Nivel degradado a Baja.
A35: Neuquén | B35: 1060 | C35: Descartables | D35: 2000035 | E35: TENSIOMETRO ADULTO | F35: 524 | G35: TENSIOMETRO | H35: 155 | I35: 1 | J35: 154 | K35: 7684.7283 | L35: =$J35*$K35 | M35: Alta | N35: Homologado – confianza Alta | O35: Valorización a validar: relación de cantidades 155 a 1 entre SAP y el recuento físico. Sugiere distinta unidad de medida (SAP por caja o envase y el recuento por unidad). La diferencia económica de esta fila no debe tomarse como definitiva. | P35: Cruce por nomenclatura: similitud 0.82. El cruce SAP–Avain identificó 2 códigos SAP como posibles equivalentes del mismo ítem de Avain (2000035, 2001121). Se imputó al primero (lógica BUSCARV); requiere validación posterior. El material ocupa 3 filas en la hoja 1060 NQN (lote/almacén). La cantidad SAP y la física de esta vista son el total del material.
A36: Neuquén | B36: 1060 | C36: Medicamentos | D36: 1000754 | E36: PLATSUL 30GR | F36: 185 | G36: PLATSUL | H36: 338 | I36: 11 | J36: 327 | K36: 3325.9663 | L36: =$J36*$K36 | M36: Media | N36: Homologado – confianza Media – pendiente de validación | P36: La homologación no confirma la equivalencia (confianza base Sin coincidencia / confianza SAP Media). Se imputó al código SAP del master con nivel Baja para no perder el recuento; requiere validación. Homologado al master M15-004, pero sus códigos SAP (1001271, 1000534, 1000688) no figuran en el stock SAP de este centro. Cruce por nomenclatura: una nomenclatura no informa dosis; similitud 0.74. El cruce SAP–Avain identificó 2 códigos SAP como posibles equivalentes del mismo ítem de Avain (1000754, 1000185). Se imputó al primero (lógica BUSCARV); requiere validación posterior. El material ocupa 5 filas en la hoja 1060 NQN (lote/almacén). La cantidad SAP y la física de esta vista son el total del material.
A37: Neuquén | B37: 1060 | C37: Medicamentos | D37: 1000404 | E37: FLUMAZENIL AMP 5 ML | F37: 321 | G37: FLUMAZENIL AMP | H37: 1326 | I37: 189 | J37: 1137 | K37: 944.43672 | L37: =$J37*$K37 | M37: Alta | N37: Homologado – confianza Alta | P37: Cruce por nomenclatura: una nomenclatura no informa dosis; similitud 0.86. El material ocupa 10 filas en la hoja 1060 NQN (lote/almacén). La cantidad SAP y la física de esta vista son el total del material.
A38: Neuquén | B38: 1060 | C38: Descartables | D38: 2000473 | E38: PILA AA | F38: 260 | G38: Pilas AA | H38: 2207 | I38: 3 | J38: 2204 | K38: 474.30287 | L38: =$J38*$K38 | M38: Alta | N38: Homologado – confianza Alta | O38: Valorización a validar: relación de cantidades 736 a 1 entre SAP y el recuento físico. Sugiere distinta unidad de medida (SAP por caja o envase y el recuento por unidad). La diferencia económica de esta fila no debe tomarse como definitiva. | P38: Cruce por nomenclatura: similitud 1.00. El material ocupa 2 filas en la hoja 1060 NQN (lote/almacén). La cantidad SAP y la física de esta vista son el total del material.
A39: Neuquén | B39: 1060 | C39: Descartables | D39: 2000350 | E39: ASPIRADOR MANUAL RES Q VAC | F39: 526 | G39: ASPIRADOR MANUAL | H39: 51 | I39: 8 | J39: 43 | K39: 24017.082 | L39: =$J39*$K39 | M39: Alta | N39: Homologado – confianza Alta | P39: Cruce por nomenclatura: similitud 0.77. El material ocupa 2 filas en la hoja 1060 NQN (lote/almacén). La cantidad SAP y la física de esta vista son el total del material.
A40: Neuquén | B40: 1060 | C40: Medicamentos | D40: 1000053 | E40: ALCOHOL AL 96% X 1000ML | F40: 255 | G40: ALCOHOL ETILICO 96% X 1 LTS | H40: 727 | I40: 4 | J40: 723 | K40: 1426.7004 | L40: =$J40*$K40 | M40: Baja | N40: Homologado – confianza Baja – pendiente de validación | O40: Valorización a validar: relación de cantidades 182 a 1 entre SAP y el recuento físico. Sugiere distinta unidad de medida (SAP por caja o envase y el recuento por unidad). La diferencia económica de esta fila no debe tomarse como definitiva. | P40: Homologación: confianza base Alta + confianza SAP Alta → Alta. La nomenclatura del material imputado no respalda por sí sola la equivalencia (similitud 0.59); el vínculo proviene sólo de la homologación. Nivel degradado a Baja. El material ocupa 10 filas en la hoja 1060 NQN (lote/almacén). La cantidad SAP y la física de esta vista son el total del material.
A41: Neuquén | B41: 1060 | C41: Descartables | D41: 2000023 | E41: GUIA MACROGOTERO Nª14 | F41: 278 | G41: GUIA MACROGOTERO V13/14 | H41: 4014 | I41: 809 | J41: 3205 | K41: 321.31298 | L41: =$J41*$K41 | M41: Media | N41: Homologado – confianza Media – pendiente de validación | P41: Homologación: confianza base Media + confianza SAP Alta → Media. El material ocupa 2 filas en la hoja 1060 NQN (lote/almacén). La cantidad SAP y la física de esta vista son el total del material.
A42: Neuquén | B42: 1060 | C42: Descartables | D42: 2001515 | E42: INMOVILIZADOR LATERO CERVICAL | F42: 513 | G42: INMOVILIZADOR LATEROCERVICAL | H42: 28 | I42: 8 | J42: 20 | K42: 50948.643 | L42: =$J42*$K42 | M42: Alta | N42: Homologado – confianza Alta | O42: Valorización a validar: VU atípico ($50,948.64 contra una mediana de $2,000.00 en la base). Sugiere distinta unidad de medida (SAP por caja o envase y el recuento por unidad). La diferencia económica de esta fila no debe tomarse como definitiva. | P42: El código Avain 513 figura en la homologación como «Ceftriaxona» (master M11-010), pero en el inventario físico corresponde a «INMOVILIZADOR LATEROCERVICAL». El código no coincide con el producto: no se usó el vínculo de la homologación y se cruzó por nomenclatura. A revisar con los responsables de la base. Cruce por nomenclatura: similitud 0.93.
A43: Neuquén | B43: 1060 | C43: Descartables | D43: 2000472 | E43: PILA AAA | F43: 259 | G43: Pilas AAA | H43: 1510 | I43: 4 | J43: 1506 | K43: 624.99669 | L43: =$J43*$K43 | M43: Alta | N43: Homologado – confianza Alta | O43: Valorización a validar: relación de cantidades 378 a 1 entre SAP y el recuento físico. Sugiere distinta unidad de medida (SAP por caja o envase y el recuento por unidad). La diferencia económica de esta fila no debe tomarse como definitiva. | P43: Cruce por nomenclatura: similitud 1.00. El material ocupa 2 filas en la hoja 1060 NQN (lote/almacén). La cantidad SAP y la física de esta vista son el total del material.
A44: San Juan | B44: 1120 | C44: Medicamentos | D44: 1001297 | E44: PULMONIX ANTIGRIP 20 COMP | F44: MED156 | G44: Antigripal comp | H44: 672 | I44: 60 | J44: 612 | K44: 1511.5826 | L44: =$J44*$K44 | M44: Media | N44: Homologado – confianza Media – pendiente de validación | P44: Cruce por nomenclatura: similitud 0.62. El material ocupa 3 filas en la hoja 1120 SJ (lote/almacén). La cantidad SAP y la física de esta vista son el total del material.
A45: San Juan | B45: 1120 | C45: Medicamentos | D45: 1000371 | E45: PROTECTOR SOLAR | F45: DESC290 | G45: Protector solar Labial | H45: 73 | I45: 9 | J45: 64 | K45: 14442.624 | L45: =$J45*$K45 | M45: Alta | N45: Homologado – confianza Alta | P45: Cruce por nomenclatura: similitud 0.86. El material ocupa 3 filas en la hoja 1120 SJ (lote/almacén). La cantidad SAP y la física de esta vista son el total del material.
A46: Neuquén | B46: 1060 | C46: Medicamentos | D46: 1000007 | E46: ATROPINA 1MG AMPOLLA DE 1ML | F46: 26 | G46: ATROPINA AMP | H46: 4703 | I46: 243 | J46: 4460 | K46: 196.45444 | L46: =$J46*$K46 | M46: Media | N46: Homologado – confianza Media – pendiente de validación | P46: Homologación: confianza base Media + confianza SAP Alta → Media. El material ocupa 25 filas en la hoja 1060 NQN (lote/almacén). La cantidad SAP y la física de esta vista son el total del material.
A47: Neuquén | B47: 1060 | C47: Medicamentos | D47: 1000022 | E47: DIPIRONA 1G AMPOLLA DE 2ML INYECTABLE | F47: 93 | G47: DIPIRONA AMP | H47: 2880 | I47: 110 | J47: 2770 | K47: 299.72653 | L47: =$J47*$K47 | M47: Media | N47: Homologado – confianza Media – pendiente de validación | P47: Homologación: confianza base Media + confianza SAP Alta → Media. El material ocupa 18 filas en la hoja 1060 NQN (lote/almacén). La cantidad SAP y la física de esta vista son el total del material.
A48: San Juan | B48: 1120 | C48: Medicamentos | D48: 1000045 | E48: DICLOFENAC 75MG AMPOLLA 3ML | F48: MED62 | G48: Diclofenac 75mg Amp x 3ml | H48: 1959 | I48: 400 | J48: 1559 | K48: 527.88995 | L48: =$J48*$K48 | M48: Alta | N48: Homologado – confianza Alta | P48: Homologación: confianza base Alta + confianza SAP Alta → Alta. El material ocupa 7 filas en la hoja 1120 SJ (lote/almacén). La cantidad SAP y la física de esta vista son el total del material.
A49: Neuquén | B49: 1060 | C49: Medicamentos | D49: 1000535 | E49: MEDIDOR GLUCEMIA FREESTYLE OPTIUM NEO H | F49: 383 | G49: GLUCOMETRO | H49: 89 | I49: 19 | J49: 70 | K49: 11296.52 | L49: =$J49*$K49 | M49: Baja | N49: Homologado – confianza Baja – pendiente de validación | P49: Homologación: confianza base Alta + confianza SAP Alta → Alta. La nomenclatura del material imputado no respalda por sí sola la equivalencia (similitud 0.09); el vínculo proviene sólo de la homologación. Nivel degradado a Baja. El material ocupa 8 filas en la hoja 1060 NQN (lote/almacén). La cantidad SAP y la física de esta vista son el total del material.
A50: Neuquén | B50: 1060 | C50: Medicamentos | D50: 1000008 | E50: DIFENHIDRAMINA 10MG AMPOLLA DE 1ML | F50: 244 | G50: DIFENHIDRAMINA 10 MG X 1 ML AMP | H50: 2650 | I50: 0 | J50: 2650 | K50: 287.67148 | L50: =$J50*$K50 | M50: Alta | N50: Homologado – confianza Alta | P50: Homologado al master M07-001, pero sus códigos SAP (1001233) no figuran en el stock SAP de este centro. Cruce por nomenclatura: dosis coincide; similitud 0.97. El material ocupa 22 filas en la hoja 1060 NQN (lote/almacén). La cantidad SAP y la física de esta vista son el total del material.
A51: Neuquén | B51: 1060 | C51: Descartables | D51: 2001219 | E51: OXIMETRO DE PULSO | F51: 393; 530 | G51: OXIMETRO DE PULSO; SATUROMETRO | H51: 90 | I51: 9 | J51: 81 | K51: 9369.1598 | L51: =$J51*$K51 | M51: Media | N51: Homologado – confianza Media – pendiente de validación | P51: Varias denominaciones del inventario físico corresponden a este material SAP (393 OXIMETRO DE PULSO; 530 SATUROMETRO). Se sumaron las cantidades físicas. Homologación: confianza base Media + confianza SAP Alta → Media. Otros códigos SAP del master no están en el stock de este centro: 5000971, 5004072, 2001510. Cruce por nomenclatura: similitud 0.78. El material ocupa 4 filas en la hoja 1060 NQN (lote/almacén). La cantidad SAP y la física de esta vista son el total del material.
A52: San Juan | B52: 1120 | C52: Medicamentos | D52: 1000784 | E52: LAGRIMAS NATURALES GOTAS OFTALM | F52: MED114 | G52: Lagrimas naturales Gotas oftalm 15ml | H52: 155 | I52: 2 | J52: 153 | K52: 4915.8654 | L52: =$J52*$K52 | M52: Alta | N52: Homologado – confianza Alta | O52: Valorización a validar: relación de cantidades 78 a 1 entre SAP y el recuento físico. Sugiere distinta unidad de medida (SAP por caja o envase y el recuento por unidad). La diferencia económica de esta fila no debe tomarse como definitiva. | P52: Cruce por nomenclatura: una nomenclatura no informa dosis; similitud 0.91. El material ocupa 6 filas en la hoja 1120 SJ (lote/almacén). La cantidad SAP y la física de esta vista son el total del material.
A53: San Juan | B53: 1120 | C53: Medicamentos | D53: 1000035 | E53: SOLUCIÓN RINGER LACTATO 500 ML | F53: MED169 | G53: Solución ringer lactato x 500 ml | H53: 630 | I53: 292 | J53: 338 | K53: 2155.479 | L53: =$J53*$K53 | M53: Alta | N53: Homologado – confianza Alta | P53: Homologación: confianza base Alta + confianza SAP Alta → Alta. El material ocupa 6 filas en la hoja 1120 SJ (lote/almacén). La cantidad SAP y la física de esta vista son el total del material.
A54: Neuquén | B54: 1060 | C54: Descartables | D54: 2000090 | E54: MASCARA PARA NEBULIZAR ADULTO | F54: 366 | G54: MASCARA PARA NEBULIZAR | H54: 590 | I54: 16 | J54: 574 | K54: 1244 | L54: =$J54*$K54 | M54: Alta | N54: Homologado – confianza Alta | P54: Cruce por nomenclatura: similitud 0.87. El material ocupa 3 filas en la hoja 1060 NQN (lote/almacén). La cantidad SAP y la física de esta vista son el total del material.
A55: Neuquén | B55: 1060 | C55: Medicamentos | D55: 1000100 | E55: FUROSEMIDA AMPOLLA DE 20 MG/2ML | F55: 116 | G55: FUROSEMIDA AMP | H55: 3270 | I55: 117 | J55: 3153 | K55: 225.56696 | L55: =$J55*$K55 | M55: Media | N55: Homologado – confianza Media – pendiente de validación | P55: Homologación: confianza base Media + confianza SAP Alta → Media. El material ocupa 21 filas en la hoja 1060 NQN (lote/almacén). La cantidad SAP y la física de esta vista son el total del material.
A56: Neuquén | B56: 1060 | C56: Descartables | D56: 2000297 | E56: REGULADOR 02 C/MANOMETRO A208 VAL 0-15 | F56: 418 | G56: MANOMETROS | H56: 23 | I56: 0 | J56: 23 | K56: 30853.306 | L56: =$J56*$K56 | M56: Baja | N56: Homologado – confianza Baja – pendiente de validación | P56: Cruce por nomenclatura: similitud 0.50. El material ocupa 2 filas en la hoja 1060 NQN (lote/almacén). La cantidad SAP y la física de esta vista son el total del material.
A57: Neuquén | B57: 1060 | C57: Descartables | D57: 2000526 | E57: VENDA TIPO CAMBRIC X 20 CM | F57: 380 | G57: VENDA CAMBRIC 20 CM | H57: 830 | I57: 0 | J57: 830 | K57: 843.87229 | L57: =$J57*$K57 | M57: Alta | N57: Homologado – confianza Alta | P57: Cruce por nomenclatura: dosis coincide; similitud 0.91. El material ocupa 3 filas en la hoja 1060 NQN (lote/almacén). La cantidad SAP y la física de esta vista son el total del material.
A58: Neuquén | B58: 1060 | C58: Medicamentos | D58: 1000381 | E58: BUDESONIDA DENVER SOL 20ML | F58: 315 | G58: Budesonide | H58: 109 | I58: 0 | J58: 109 | K58: 6404.6952 | L58: =$J58*$K58 | M58: Baja | N58: Homologado – confianza Baja – pendiente de validación | P58: Homologado al master M05-004, pero sus códigos SAP (1000839) no figuran en el stock SAP de este centro. Cruce por nomenclatura: una nomenclatura no informa dosis; similitud 0.48. El material ocupa 6 filas en la hoja 1060 NQN (lote/almacén). La cantidad SAP y la física de esta vista son el total del material.
A59: Neuquén | B59: 1060 | C59: Medicamentos | D59: 1000106 | E59: RIFAMICINA SPRAY 30ML | F59: 199 | G59: RIFAMICINA SV 1% X 30ML | H59: 325 | I59: 12 | J59: 313 | K59: 2216.5473 | L59: =$J59*$K59 | M59: Media | N59: Homologado – confianza Media – pendiente de validación | P59: Cruce por nomenclatura: dosis coincide; similitud 0.62. El material ocupa 12 filas en la hoja 1060 NQN (lote/almacén). La cantidad SAP y la física de esta vista son el total del material.
A60: Neuquén | B60: 1060 | C60: Descartables | D60: 2000028 | E60: JERINGA 10 ML | F60: 246 | G60: JERINGAS 10 ML | H60: 20310 | I60: 2150 | J60: 18160 | K60: 36.74993 | L60: =$J60*$K60 | M60: Alta | N60: Homologado – confianza Alta | P60: Homologación: confianza base Alta + confianza SAP Alta → Alta. El material ocupa 3 filas en la hoja 1060 NQN (lote/almacén). La cantidad SAP y la física de esta vista son el total del material.
A61: Neuquén | B61: 1060 | C61: Medicamentos | D61: 1000360 | E61: GOTAS OTOSPORIN | F61: 173 | G61: OTOSPORIN | H61: 283 | I61: 27 | J61: 256 | K61: 2540.2689 | L61: =$J61*$K61 | M61: Alta | N61: Homologado – confianza Alta | P61: Cruce por nomenclatura: similitud 0.81. El material ocupa 14 filas en la hoja 1060 NQN (lote/almacén). La cantidad SAP y la física de esta vista son el total del material.
A62: Neuquén | B62: 1060 | C62: Medicamentos | D62: 1000470 | E62: PARACETAMOL COMP 1 GRAMO | F62: 369; 179 | G62: PARACETAMOL 1 G; PARACETAMOL 500 MG | H62: 6328 | I62: 426 | J62: 5902 | K62: 110.08047 | L62: =$J62*$K62 | M62: Baja | N62: Homologado – confianza Baja – pendiente de validación | P62: Varias denominaciones del inventario físico corresponden a este material SAP (369 PARACETAMOL 1 G; 179 PARACETAMOL 500 MG). Se sumaron las cantidades físicas. Cruce por nomenclatura: dosis coincide; similitud 0.88. Homologación: confianza base Alta + confianza SAP Baja → Baja. Aunque la homologación vincula estos registros, la presentación no coincide con el material imputado (dosis/presentación distinta (500MG vs 1000MG); similitud 0.48). Nivel degradado a Baja: verificar si corresponde otro código SAP. El material ocupa 14 filas en la hoja 1060 NQN (lote/almacén). La cantidad SAP y la física de esta vista son el total del material.
A63: Neuquén | B63: 1060 | C63: Medicamentos | D63: 1000125 | E63: DICLOFENAC 75 MG COMPRIMIDOS | F63: 83 | G63: DICLOFENAC 75 COMP | H63: 10995 | I63: 9 | J63: 10986 | K63: 59.007799 | L63: =$J63*$K63 | M63: Alta | N63: Homologado – confianza Alta | O63: Valorización a validar: relación de cantidades 1,222 a 1 entre SAP y el recuento físico. Sugiere distinta unidad de medida (SAP por caja o envase y el recuento por unidad). La diferencia económica de esta fila no debe tomarse como definitiva. | P63: Homologación: confianza base Alta + confianza SAP Alta → Alta. El material ocupa 16 filas en la hoja 1060 NQN (lote/almacén). La cantidad SAP y la física de esta vista son el total del material.
A64: Neuquén | B64: 1060 | C64: Medicamentos | D64: 1000330 | E64: ANGINOTRAC COMPRIMIDO | F64: 271 | G64: ANGINOTRAT | H64: 854 | I64: 0 | J64: 854 | K64: 758.19294 | L64: =$J64*$K64 | M64: Media | N64: Homologado – confianza Media – pendiente de validación | P64: Cruce por nomenclatura: similitud 0.57. El material ocupa 12 filas en la hoja 1060 NQN (lote/almacén). La cantidad SAP y la física de esta vista son el total del material.
A65: Neuquén | B65: 1060 | C65: Medicamentos | D65: 1000169 | E65: BUSCAPINA COMPUESTA AMP | F65: 317 | G65: BUSCAPINA COMPUESTA | H65: 92 | I65: 0 | J65: 92 | K65: 6889.4986 | L65: =$J65*$K65 | M65: Alta | N65: Homologado – confianza Alta | P65: Cruce por nomenclatura: similitud 0.92. El material ocupa 2 filas en la hoja 1060 NQN (lote/almacén). La cantidad SAP y la física de esta vista son el total del material.
A66: Neuquén | B66: 1060 | C66: Medicamentos | D66: 1000314 | E66: MORFINA CLORHIDRATO 10MG | F66: 331 | G66: MORFINA 10MG AMP | H66: 800 | I66: 56 | J66: 744 | K66: 803.1425 | L66: =$J66*$K66 | M66: Media | N66: Homologado – confianza Media – pendiente de validación | P66: Cruce por nomenclatura: dosis coincide; similitud 0.70. El material ocupa 6 filas en la hoja 1060 NQN (lote/almacén). La cantidad SAP y la física de esta vista son el total del material.
A67: San Juan | B67: 1120 | C67: Medicamentos | D67: 1000105 | E67: METOCLOPRAMIDA 10MG/2ML AMPOLLA | F67: MED130 | G67: Metoclopramida 10 mg Amp x 2 ml | H67: 1845 | I67: 451 | J67: 1394 | K67: 426.33972 | L67: =$J67*$K67 | M67: Alta | N67: Homologado – confianza Alta | P67: Homologación: confianza base Alta + confianza SAP Alta → Alta. El material ocupa 7 filas en la hoja 1120 SJ (lote/almacén). La cantidad SAP y la física de esta vista son el total del material.
A68: Neuquén | B68: 1060 | C68: Medicamentos | D68: 1000136 | E68: ASPIRINA DE 100 MG | F68: 23 | G68: ASPIRINA | H68: 5170 | I68: 570 | J68: 4600 | K68: 121.05655 | L68: =$J68*$K68 | M68: Alta | N68: Homologado – confianza Alta | P68: Homologación: confianza base Alta + confianza SAP Alta → Alta. Otros códigos SAP del master no están en el stock de este centro: 1001237, 1000802. El material ocupa 16 filas en la hoja 1060 NQN (lote/almacén). La cantidad SAP y la física de esta vista son el total del material.
A69: Neuquén | B69: 1060 | C69: Medicamentos | D69: 1000095 | E69: LIDOCAINA AL 2% JALEA | F69: 305 | G69: LIDOCAINA EN JALEA | H69: 546 | I69: 61 | J69: 485 | K69: 1140.5531 | L69: =$J69*$K69 | M69: Alta | N69: Homologado – confianza Alta | P69: Cruce por nomenclatura: una nomenclatura no informa dosis; similitud 0.88. El material ocupa 13 filas en la hoja 1060 NQN (lote/almacén). La cantidad SAP y la física de esta vista son el total del material.
A70: Neuquén | B70: 1060 | C70: Descartables | D70: 2000027 | E70: JERINGA DE 5 ML | F70: 254 | G70: JERINGAS 5 ML | H70: 29110 | I70: 830 | J70: 28280 | K70: 19.432985 | L70: =$J70*$K70 | M70: Alta | N70: Homologado – confianza Alta | P70: Homologación: confianza base Alta + confianza SAP Alta → Alta. El material ocupa 3 filas en la hoja 1060 NQN (lote/almacén). La cantidad SAP y la física de esta vista son el total del material.
A71: San Juan | B71: 1120 | C71: Medicamentos | D71: 1005284 | E71: AMBROXOL + BUTEMAT JBE X 120Ml | F71: MED108 | G71: Jarabe (Ambroxol - Clorhidrato) 120 ml | H71: 120 | I71: 34 | J71: 86 | K71: 6381.17 | L71: =$J71*$K71 | M71: Baja | N71: Homologado – confianza Baja – pendiente de validación | P71: Cruce por nomenclatura: dosis coincide; similitud 0.62. El cruce SAP–Avain identificó 2 códigos SAP como posibles equivalentes del mismo ítem de Avain (1005284, 1005285). Se imputó al primero (lógica BUSCARV); requiere validación posterior.
A72: Neuquén | B72: 1060 | C72: Medicamentos | D72: 1000527 | E72: AMOXIDAL CLAVULANICO 1 G | F72: 16 | G72: AMOXICILINA + AC. CLAVULANICO | H72: 1444 | I72: 91 | J72: 1353 | K72: 398.9328 | L72: =$J72*$K72 | M72: Baja | N72: Homologado – confianza Baja – pendiente de validación | P72: Homologación: confianza base Alta + confianza SAP Media → Media. La nomenclatura del material imputado no respalda por sí sola la equivalencia (similitud 0.39); el vínculo proviene sólo de la homologación. Nivel degradado a Baja. Otros códigos SAP del master no están en el stock de este centro: 1000816. El material ocupa 16 filas en la hoja 1060 NQN (lote/almacén). La cantidad SAP y la física de esta vista son el total del material.
A73: Neuquén | B73: 1060 | C73: Descartables | D73: 2000038 | E73: ALGODON HIDROFILO X 500GR | F73: 12 | G73: ALGODÓN | H73: 315 | I73: 29 | J73: 286 | K73: 1830.0716 | L73: =$J73*$K73 | M73: Media | N73: Homologado – confianza Media – pendiente de validación | P73: Homologación: confianza base Media + confianza SAP Media → Media. El cruce SAP–Avain identificó 2 códigos SAP como posibles equivalentes del mismo ítem de Avain (2000038, 2001054). Se imputó al primero (lógica BUSCARV); requiere validación posterior. Otros códigos SAP del master no están en el stock de este centro: 2000339, 2000459, 2001699. El material ocupa 3 filas en la hoja 1060 NQN (lote/almacén). La cantidad SAP y la física de esta vista son el total del material.
A74: San Juan | B74: 1120 | C74: Medicamentos | D74: 1000524 | E74: OMEPRAZOL DE 40 MG AMPOLLAS | F74: MED147 | G74: Omeprazol 40 mg Fco amp polvo p/ rest | H74: 234 | I74: 17 | J74: 217 | K74: 2317.9203 | L74: =$J74*$K74 | M74: Media | N74: Homologado – confianza Media – pendiente de validación | P74: Homologación: confianza base Alta + confianza SAP Media → Media. El material ocupa 4 filas en la hoja 1120 SJ (lote/almacén). La cantidad SAP y la física de esta vista son el total del material.
A75: Neuquén | B75: 1060 | C75: Medicamentos | D75: 1000098 | E75: MIDAZOLAN 15MG/3ML AMPOLLA INYECTABLE | F75: 330 | G75: MIDAZOLAM 5MG AMP | H75: 1060 | I75: 96 | J75: 964 | K75: 520.01897 | L75: =$J75*$K75 | M75: Baja | N75: Homologado – confianza Baja – pendiente de validación | P75: Homologación: confianza base Baja + confianza SAP Alta → Baja. Aunque la homologación vincula estos registros, la presentación no coincide con el material imputado (dosis/presentación distinta (5MG vs 3ML, 15MG); similitud 0.50). Nivel degradado a Baja: verificar si corresponde otro código SAP. El material ocupa 8 filas en la hoja 1060 NQN (lote/almacén). La cantidad SAP y la física de esta vista son el total del material.
... A79: Neuquén | B79: 1060 | C79: Descartables | D79: 2000037 | E79: TERMOMETRO DIGITAL | F79: 423 | G79: TERMOMETRO DIGITAL | H79: 175 | I79: 37 | J79: 138 | K79: 3353.6846 | L79: =$J79*$K79 | M79: Alta | N79: Homologado – confianza Alta | P79: Homologación: confianza base Alta + confianza SAP Alta → Alta. El material ocupa 4 filas en la hoja 1060 NQN (lote/almacén). La cantidad SAP y la física de esta vista son el total del material.
A80: Neuquén | B80: 1060 | C80: Medicamentos | D80: 1000164 | E80: ATENOLOL 100 MG COMPRIMIDO | F80: 399 | G80: ATENOLOL 100 MG COMPRIMIDOS | H80: 1866 | I80: 28 | J80: 1838 | K80: 250.32598 | L80: =$J80*$K80 | M80: Alta | N80: Homologado – confianza Alta | O80: Valorización a validar: relación de cantidades 67 a 1 entre SAP y el recuento físico. Sugiere distinta unidad de medida (SAP por caja o envase y el recuento por unidad). La diferencia económica de esta fila no debe tomarse como definitiva. | P80: Cruce por nomenclatura: dosis coincide; similitud 1.00. El material ocupa 10 filas en la hoja 1060 NQN (lote/almacén). La cantidad SAP y la física de esta vista son el total del material.
A81: Neuquén | B81: 1060 | C81: Medicamentos | D81: 1000431 | E81: LIDOCAINA 1% 5 ML AMPOLLA | F81: 328 | G81: LIDOCAINA S/EPI 1% AMP | H81: 1662 | I81: 0 | J81: 1662 | K81: 264.23954 | L81: =$J81*$K81 | M81: Media | N81: Homologado – confianza Media – pendiente de validación | P81: Cruce por nomenclatura: dosis coincide; similitud 0.68.
A82: Neuquén | B82: 1060 | C82: Medicamentos | D82: 1000021 | E82: DIAZEPAM 10MG AMPOLLA DE 2ML INYECTABLE | F82: 77 | G82: DIAZEPAM AMP | H82: 2096 | I82: 122 | J82: 1974 | K82: 221.2131 | L82: =$J82*$K82 | M82: Media | N82: Homologado – confianza Media – pendiente de validación | P82: Cruce por nomenclatura: una nomenclatura no informa dosis; similitud 0.72. El material ocupa 16 filas en la hoja 1060 NQN (lote/almacén). La cantidad SAP y la física de esta vista son el total del material.
A83: Neuquén | B83: 1060 | C83: Medicamentos | D83: 1000103 | E83: FENITOINA 100MG /2ML AMPOLLA | F83: 249 | G83: FENITOINA AMP | H83: 2241 | I83: 92 | J83: 2149 | K83: 201.2918 | L83: =$J83*$K83 | M83: Media | N83: Homologado – confianza Media – pendiente de validación | P83: Homologación: confianza base Media + confianza SAP Alta → Media. El material ocupa 17 filas en la hoja 1060 NQN (lote/almacén). La cantidad SAP y la física de esta vista son el total del material.
A84: Neuquén | B84: 1060 | C84: Descartables | D84: 2000079 | E84: VENDA TIPO CAMBRIC X 10 CM | F84: 335; 339 | G84: VENDA CAMBRIC 10CM; VENDA CAMBRIC 7CM | H84: 2856 | I84: 74 | J84: 2782 | K84: 153.82973 | L84: =$J84*$K84 | M84: Baja | N84: Homologado – confianza Baja – pendiente de validación | P84: Varias denominaciones del inventario físico corresponden a este material SAP (335 VENDA CAMBRIC 10CM; 339 VENDA CAMBRIC 7CM). Se sumaron las cantidades físicas. Homologación: confianza base Media + confianza SAP Alta → Media. Cruce por nomenclatura: dosis/presentación distinta (7CM vs 10CM); similitud 0.64. El cruce SAP–Avain identificó 4 códigos SAP como posibles equivalentes del mismo ítem de Avain (2000079, 2000080, 2000314, 2000526). Se imputó al primero (lógica BUSCARV); requiere validación posterior. El material ocupa 3 filas en la hoja 1060 NQN (lote/almacén). La cantidad SAP y la física de esta vista son el total del material.
A85: San Juan | B85: 1120 | C85: Medicamentos | D85: 1000122 | E85: METOCLOPRAMIDA DE 10MG SL | F85: MED131 | G85: Metoclopramida Comp x 10 mg | H85: 915 | I85: 130 | J85: 785 | K85: 530.29445 | L85: =$J85*$K85 | M85: Alta | N85: Homologado – confianza Alta | P85: Homologación: confianza base Alta + confianza SAP Alta → Alta. El material ocupa 3 filas en la hoja 1120 SJ (lote/almacén). La cantidad SAP y la física de esta vista son el total del material.
A86: Neuquén | B86: 1060 | C86: Descartables | D86: 2000004 | E86: CATETER INTRAVENOSO 18G T/ABBOCATH | F86: 265 | G86: Abocath n° 18 | H86: 2400 | I86: 141 | J86: 2259 | K86: 181.76957 | L86: =$J86*$K86 | M86: Alta | N86: Homologado – confianza Alta | P86: Homologación: confianza base Alta + confianza SAP Alta → Alta. El material ocupa 3 filas en la hoja 1060 NQN (lote/almacén). La cantidad SAP y la física de esta vista son el total del material.
A87: Salta | B87: 1130 | C87: Descartables | D87: 2002586 | E87: GASA HEMOSTATICA | F87: 331 | G87: Gasas Hemostaticas 10x20cm | H87: 36 | I87: 24 | J87: 12 | K87: 33925 | L87: =$J87*$K87 | M87: Media | N87: Homologado – confianza Media – pendiente de validación | P87: Homologado al master K-280, pero sus códigos SAP (2001545, 2001546) no figuran en el stock SAP de este centro. Cruce por nomenclatura: una nomenclatura no informa dosis; similitud 0.79.
A88: Neuquén | B88: 1060 | C88: Medicamentos | D88: 1000307 | E88: NALOXONA AMPOLLA 0,4mg/1ml | F88: 166 | G88: NALOXONA AMP | H88: 695 | I88: 198 | J88: 497 | K88: 808.71237 | L88: =$J88*$K88 | M88: Media | N88: Homologado – confianza Media – pendiente de validación | P88: Cruce por nomenclatura: una nomenclatura no informa dosis; similitud 0.77. El material ocupa 15 filas en la hoja 1060 NQN (lote/almacén). La cantidad SAP y la física de esta vista son el total del material.
A89: Neuquén | B89: 1060 | C89: Descartables | D89: 2000005 | E89: CATETER INTRAVENOSO 20G T/ABBOCATH | F89: 266 | G89: Abocath n° 20 | H89: 2519 | I89: 182 | J89: 2337 | K89: 171.05894 | L89: =$J89*$K89 | M89: Alta | N89: Homologado – confianza Alta | P89: Homologación: confianza base Alta + confianza SAP Alta → Alta. El material ocupa 3 filas en la hoja 1060 NQN (lote/almacén). La cantidad SAP y la física de esta vista son el total del material.
A90: Neuquén | B90: 1060 | C90: Descartables | D90: 2000102 | E90: CAMPOS ESTERILES 90x90 | F90: 358 | G90: CAMPO ESTERIL | H90: 220 | I90: 29 | J90: 191 | K90: 2046.355 | L90: =$J90*$K90 | M90: Alta | N90: Homologado – confianza Alta | P90: Homologación: confianza base Alta + confianza SAP Alta → Alta. El material ocupa 2 filas en la hoja 1060 NQN (lote/almacén). La cantidad SAP y la física de esta vista son el total del material.
A91: Neuquén | B91: 1060 | C91: Descartables | D91: 2000396 | E91: MASCARA LARINGEA Nº 3 | F91: 363 | G91: mascara laríngea n3 | H91: 107 | I91: 38 | J91: 69 | K91: 5517.1396 | L91: =$J91*$K91 | M91: Media | N91: Homologado – confianza Media – pendiente de validación | P91: Cruce por nomenclatura: similitud 0.64. El cruce SAP–Avain identificó 3 códigos SAP como posibles equivalentes del mismo ítem de Avain (2000396, 2000398, 2000397). Se imputó al primero (lógica BUSCARV); requiere validación posterior. El material ocupa 3 filas en la hoja 1060 NQN (lote/almacén). La cantidad SAP y la física de esta vista son el total del material.
A92: Salta | B92: 1130 | C92: Medicamentos | D92: 1001118 | E92: SALES REHIDRATANTES SOBRE POLVO | F92: 215 | G92: Sales de rehidratación Polvo oral | H92: 350 | I92: 66 | J92: 284 | K92: 1326.6886 | L92: =$J92*$K92 | M92: Baja | N92: Homologado – confianza Baja – pendiente de validación | P92: Homologación: confianza base Alta + confianza SAP Alta → Alta. La nomenclatura del material imputado no respalda por sí sola la equivalencia (similitud 0.50); el vínculo proviene sólo de la homologación. Nivel degradado a Baja.
... A94: San Juan | B94: 1120 | C94: Medicamentos | D94: 1000124 | E94: IBUPROFENO COMP 600MG | F94: MED102 | G94: Ibuprofeno Comp x 600 mg | H94: 5940 | I94: 222 | J94: 5718 | K94: 62.891318 | L94: =$J94*$K94 | M94: Alta | N94: Homologado – confianza Alta | P94: Homologación: confianza base Alta + confianza SAP Alta → Alta. El material ocupa 16 filas en la hoja 1120 SJ (lote/almacén). La cantidad SAP y la física de esta vista son el total del material.
A95: Neuquén | B95: 1060 | C95: Medicamentos | D95: 1000058 | E95: ALCOHOL EN GEL X 500ML | F95: 463 | G95: Alcohol en gel x500ml | H95: 1598 | I95: 1 | J95: 1597 | K95: 217.12029 | L95: =$J95*$K95 | M95: Alta | N95: Homologado – confianza Alta | O95: Valorización a validar: relación de cantidades 1,598 a 1 entre SAP y el recuento físico. Sugiere distinta unidad de medida (SAP por caja o envase y el recuento por unidad). La diferencia económica de esta fila no debe tomarse como definitiva. | P95: Cruce por nomenclatura: dosis coincide; similitud 1.00. El material ocupa 6 filas en la hoja 1060 NQN (lote/almacén). La cantidad SAP y la física de esta vista son el total del material.
A96: Salta | B96: 1130 | C96: Medicamentos | D96: 1000005 | E96: AMIODARONA 150MG AMPOLLA DE 3 ML INYEC | F96: 32 | G96: Amiodarona 1 amp=3ml 150 mg/3ml | H96: 145 | I96: 28 | J96: 117 | K96: 2917.3707 | L96: =$J96*$K96 | M96: Alta | N96: Homologado – confianza Alta | P96: Homologación: confianza base Alta + confianza SAP Alta → Alta. El material ocupa 2 filas en la hoja 1130 Salta (lote/almacén). La cantidad SAP y la física de esta vista son el total del material.
A97: San Juan | B97: 1120 | C97: Medicamentos | D97: 1000022 | E97: DIPIRONA 1G AMPOLLA DE 2ML INYECTABLE | F97: MED69 | G97: Dipirona 1gr Amp x 2 ml | H97: 670 | I97: 93 | J97: 577 | K97: 590.29619 | L97: =$J97*$K97 | M97: Alta | N97: Homologado – confianza Alta | P97: Cruce por nomenclatura: dosis coincide; similitud 0.77. El material ocupa 4 filas en la hoja 1120 SJ (lote/almacén). La cantidad SAP y la física de esta vista son el total del material.
A98: Neuquén | B98: 1060 | C98: Medicamentos | D98: 1000144 | E98: LORATADINA 10 MG COMP | F98: 153 | G98: LORATADINA COMP | H98: 7695 | I98: 150 | J98: 7545 | K98: 44.437405 | L98: =$J98*$K98 | M98: Alta | N98: Homologado – confianza Alta | O98: Valorización a validar: relación de cantidades 51 a 1 entre SAP y el recuento físico. Sugiere distinta unidad de medida (SAP por caja o envase y el recuento por unidad). La diferencia económica de esta fila no debe tomarse como definitiva. | P98: Cruce por nomenclatura: una nomenclatura no informa dosis; similitud 0.87. El material ocupa 20 filas en la hoja 1060 NQN (lote/almacén). La cantidad SAP y la física de esta vista son el total del material.
A99: Neuquén | B99: 1060 | C99: Descartables | D99: 2001366 | E99: RIÑONERA DE ACERO | F99: 523 | G99: RIÑONERA | H99: 60 | I99: 4 | J99: 56 | K99: 5929.1667 | L99: =$J99*$K99 | M99: Alta | N99: Homologado – confianza Alta | P99: El código Avain 523 figura en la homologación como «JERINGAS 20 ML» (master D-137), pero en el inventario físico corresponde a «RIÑONERA». El código no coincide con el producto: no se usó el vínculo de la homologación y se cruzó por nomenclatura. A revisar con los responsables de la base. Cruce por nomenclatura: similitud 0.79. El material ocupa 2 filas en la hoja 1060 NQN (lote/almacén). La cantidad SAP y la física de esta vista son el total del material.
A100: Salta | B100: 1130 | C100: Medicamentos | D100: 1000089 | E100: SOLUCION FISIOLOGICA DE 500CC | F100: 218; 219 | G100: Solucion fisiológica 500ml Baxter 500ml; Solucion Fisiologica x 100ml gotero | H100: 238 | I100: 54 | J100: 184 | K100: 1776.3907 | L100: =$J100*$K100 | M100: Baja | N100: Homologado – confianza Baja – pendiente de validación | P100: Varias denominaciones del inventario físico corresponden a este material SAP (218 Solucion fisiológica 500ml Baxter 500ml; 219 Solucion Fisiologica x 100ml gotero). Se sumaron las cantidades físicas. Homologación: confianza base Alta + confianza SAP Alta → Alta. La nomenclatura del material imputado no respalda por sí sola la equivalencia (similitud 0.54); el vínculo proviene sólo de la homologación. Nivel degradado a Baja. Otros códigos SAP del master no están en el stock de este centro: 1005145. Homologación: confianza base Media + confianza SAP Media → Media. La nomenclatura del material imputado no respalda por sí sola la equivalencia (similitud 0.56); el vínculo proviene sólo de la homologación. Nivel degradado a Baja. El cruce SAP–Avain identificó 2 códigos SAP como posibles equivalentes del mismo ítem de Avain (1000089, 1000791). Se imputó al primero (lógica BUSCARV); requiere validación posterior. El material ocupa 2 filas en la hoja 1130 Salta (lote/almacén). La cantidad SAP y la física de esta vista son el total del material.
A101: San Juan | B101: 1120 | C101: Medicamentos | D101: 1000731 | E101: FUSIMED B EMULSION | F101: MED89 | G101: Fusimed B 2% x 50gr Emulsion | H101: 15 | I101: 2 | J101: 13 | K101: 24845.839 | L101: =$J101*$K101 | M101: Media | N101: Homologado – confianza Media – pendiente de validación | P101: Cruce por nomenclatura: una nomenclatura no informa dosis; similitud 0.81. El material ocupa 2 filas en la hoja 1120 SJ (lote/almacén). La cantidad SAP y la física de esta vista son el total del material.
A102: Neuquén | B102: 1060 | C102: Descartables | D102: 2000528 | E102: VENDA TIPO CAMBRIC X 15 CM | F102: 381 | G102: VENDA CAMBRIC 15 CM | H102: 788 | I102: 10 | J102: 778 | K102: 410.94152 | L102: =$J102*$K102 | M102: Alta | N102: Homologado – confianza Alta | O102: Valorización a validar: relación de cantidades 79 a 1 entre SAP y el recuento físico. Sugiere distinta unidad de medida (SAP por caja o envase y el recuento por unidad). La diferencia económica de esta fila no debe tomarse como definitiva. | P102: Cruce por nomenclatura: dosis coincide; similitud 0.91. El material ocupa 2 filas en la hoja 1060 NQN (lote/almacén). La cantidad SAP y la física de esta vista son el total del material.
A103: Neuquén | B103: 1060 | C103: Descartables | D103: 2000532 | E103: CURITAS TELA ELASTICA | F103: 64 | G103: CURITAS X UNID | H103: 7010 | I103: 380 | J103: 6630 | K103: 46.243954 | L103: =$J103*$K103 | M103: Baja | N103: Homologado – confianza Baja – pendiente de validación | P103: Homologación: confianza base Alta + confianza SAP Alta → Alta. La nomenclatura del material imputado no respalda por sí sola la equivalencia (similitud 0.40); el vínculo proviene sólo de la homologación. Nivel degradado a Baja. El material ocupa 3 filas en la hoja 1060 NQN (lote/almacén). La cantidad SAP y la física de esta vista son el total del material.
A104: Neuquén | B104: 1060 | C104: Medicamentos | D104: 1000369 | E104: TOBRAMICINA+ DEX G | F104: 228 | G104: TOBRAMICINA | H104: 227 | I104: 19 | J104: 208 | K104: 1429.8185 | L104: =$J104*$K104 | M104: Alta | N104: Homologado – confianza Alta | P104: Cruce por nomenclatura: similitud 0.78. El material ocupa 8 filas en la hoja 1060 NQN (lote/almacén). La cantidad SAP y la física de esta vista son el total del material.
A105: Neuquén | B105: 1060 | C105: Medicamentos | D105: 1000444 | E105: DELTISONA 4MG COMPRIMIDOS | F105: 476 | G105: DELTISONA B 4 mg | H105: 30 | I105: 0 | J105: 30 | K105: 9540 | L105: =$J105*$K105 | M105: Media | N105: Homologado – confianza Media – pendiente de validación | P105: Cruce por nomenclatura: dosis coincide; similitud 0.73.
A106: San Juan | B106: 1120 | C106: Medicamentos | D106: 1001001 | E106: FUSIMED B OTONASAL 15grs | F106: MED90 | G106: Fusimed B Otonasal x 15 gr | H106: 15 | I106: 2 | J106: 13 | K106: 21643.6 | L106: =$J106*$K106 | M106: Alta | N106: Homologado – confianza Alta | P106: Cruce por nomenclatura: dosis coincide; similitud 0.94.
...

Sheet Dar de alta en SAP
A2: Materiales a dar de alta en SAP
A3: Materiales con recuento físico donde el recuento SUPERA lo informado en SAP. La cantidad a ajustar es la diferencia y se valoriza al valor promedio ponderado. Ordenado por impacto económico.
A5: Base | B5: Centro | C5: Clasificación SAP | D5: Código SAP (Material) | E5: Nomenclatura SAP | F5: Código Avain | G5: Nombre en inventario físico Avain | H5: Cantidad SAP · UNIDADES | I5: Cantidad física · UNIDADES | J5: Cantidad a ajustar · UNIDADES | K5: VU promedio ponderado · IMPORTE $ por unidad | L5: Valor económico del ajuste · IMPORTE $ | M5: Nivel de coincidencia | N5: Estado de homologación / validación | O5: Alerta de valorización | P5: Observaciones
A6: Neuquén | B6: 1060 | C6: Descartables | D6: 2001077 | E6: ELECTRODOS C/CONECTOR PARA DESFIBRILADOR | F6: 345 | G6: ELECTRODOS | H6: 5 | I6: 1465 | J6: 1460 | K6: 209472.24 | L6: =$J6*$K6 | M6: Media | N6: Homologado – confianza Media – pendiente de validación | O6: Valorización a validar: VU atípico ($209,472.24 contra una mediana de $2,000.00 en la base); relación de cantidades 293 a 1 entre SAP y el recuento físico. Sugiere distinta unidad de medida (SAP por caja o envase y el recuento por unidad). La diferencia económica de esta fila no debe tomarse como definitiva. | P6: El código Avain 345 figura en la homologación como «mascaranebulizar» (master K-256), pero en el inventario físico corresponde a «ELECTRODOS». El código no coincide con el producto: no se usó el vínculo de la homologación y se cruzó por nomenclatura. A revisar con los responsables de la base. Cruce por nomenclatura: similitud 0.66.
A7: Neuquén | B7: 1060 | C7: Medicamentos | D7: 1005146 | E7: ANPHOTEROL 200ML AEROSOL | F7: 505 | G7: SALBUTAMOL AEROSOL | H7: 1 | I7: 33 | J7: 32 | K7: 442644.63 | L7: =$J7*$K7 | M7: Baja | N7: Homologado – confianza Baja – pendiente de validación | O7: Valorización a validar: VU atípico ($442,644.63 contra una mediana de $2,000.00 en la base). Sugiere distinta unidad de medida (SAP por caja o envase y el recuento por unidad). La diferencia económica de esta fila no debe tomarse como definitiva. | P7: El código Avain 505 figura en la homologación como «Famotidina» (master M08-008), pero en el inventario físico corresponde a «SALBUTAMOL AEROSOL». El código no coincide con el producto: no se usó el vínculo de la homologación y se cruzó por nomenclatura. A revisar con los responsables de la base. Cruce por nomenclatura: una nomenclatura no informa dosis; similitud 0.51.
A8: Salta | B8: 1130 | C8: Medicamentos | D8: 1001250 | E8: Aciclovir 400mg comp | F8: 11 | G8: Aciclovir oral 400 mg Comprimidos | H8: 2 | I8: 150 | J8: 148 | K8: 33384 | L8: =$J8*$K8 | M8: Alta | N8: Homologado – confianza Alta | O8: Valorización a validar: relación de cantidades 75 a 1 entre SAP y el recuento físico. Sugiere distinta unidad de medida (SAP por caja o envase y el recuento por unidad). La diferencia económica de esta fila no debe tomarse como definitiva. | P8: Homologación: confianza base Alta + confianza SAP Alta → Alta.
A9: Salta | B9: 1130 | C9: Medicamentos | D9: 1001039 | E9: TRIMEBUTINA+SIMETICONA 200MG/120MG 30 CO | F9: 241 | G9: Trimebutina-Simeticona comprimido x200mg /120mg | H9: 7 | I9: 160 | J9: 153 | K9: 19569.26 | L9: =$J9*$K9 | M9: Alta | N9: Homologado – confianza Alta | P9: Homologación: confianza base Alta + confianza SAP Alta → Alta.
A10: Neuquén | B10: 1060 | C10: Descartables | D10: 2000025 | E10: HOJA DE BISTURI Nº20 | F10: 474; 563 | G10: HOJA DE BISTURI Nº10; HOJA DE BISTURI Nº21 | H10: 5 | I10: 124 | J10: 119 | K10: 20708.1 | L10: =$J10*$K10 | M10: Baja | N10: Homologado – confianza Baja – pendiente de validación | P10: Varias denominaciones del inventario físico corresponden a este material SAP (474 HOJA DE BISTURI Nº10; 563 HOJA DE BISTURI Nº21). Se sumaron las cantidades físicas. Cruce por nomenclatura: calibre/talle/medida distinta; similitud 0.67. El cruce SAP–Avain identificó 4 códigos SAP como posibles equivalentes del mismo ítem de Avain (2000025, 2000453, 2000456, 2000455). Se imputó al primero (lógica BUSCARV); requiere validación posterior. Cruce por nomenclatura: calibre/talle/medida distinta; similitud 0.68. El cruce SAP–Avain identificó 4 códigos SAP como posibles equivalentes del mismo ítem de Avain (2000025, 2000453, 2000456, 2000455). Se imputó al primero (lógica BUSCARV); requiere validación posterior.
A11: Salta | B11: 1130 | C11: Medicamentos | D11: 1000534 | E11: SULFADIAZINA DE PLATA CREMA X 400 GR | F11: 288; 228 | G11: Sulfadiazina de Plata 30mg; Sulfadiazina de Plata 400gr | H11: 5 | I11: 34 | J11: 29 | K11: 73868.89 | L11: =$J11*$K11 | M11: Baja | N11: Homologado – confianza Baja – pendiente de validación | P11: Varias denominaciones del inventario físico corresponden a este material SAP (288 Sulfadiazina de Plata 30mg; 228 Sulfadiazina de Plata 400gr). Se sumaron las cantidades físicas. Homologación: confianza base Media + confianza SAP Media → Media. Aunque la homologación vincula estos registros, la presentación no coincide con el material imputado (dosis/presentación distinta (30MG vs 400000MG); similitud 0.62). Nivel degradado a Baja: verificar si corresponde otro código SAP. Otros códigos SAP del master no están en el stock de este centro: 1001271, 1000688. Homologación: confianza base Media + confianza SAP Media → Media. Otros códigos SAP del master no están en el stock de este centro: 1001271, 1000688.
A12: Salta | B12: 1130 | C12: Medicamentos | D12: 1001249 | E12: Clindamicina 300mgs caps | F12: 74 | G12: Clindamicina capsulas | H12: 5 | I12: 112 | J12: 107 | K12: 16664.53 | L12: =$J12*$K12 | M12: Media | N12: Homologado – confianza Media – pendiente de validación | P12: Homologación: confianza base Media + confianza SAP Alta → Media.
A13: Salta | B13: 1130 | C13: Descartables | D13: 2000009 | E13: AGUJA HIPODERMICA 21G x 1 ½ - 40/8 | F13: 22 | G13: Agujas 40/8 | H13: 5 | I13: 907 | J13: 902 | K13: 1733.89 | L13: =$J13*$K13 | M13: Alta | N13: Homologado – confianza Alta | O13: Valorización a validar: relación de cantidades 181 a 1 entre SAP y el recuento físico. Sugiere distinta unidad de medida (SAP por caja o envase y el recuento por unidad). La diferencia económica de esta fila no debe tomarse como definitiva. | P13: Homologación: confianza base Alta + confianza SAP Alta → Alta.
A14: Salta | B14: 1130 | C14: Medicamentos | D14: 1001129 | E14: BUCOANGIN CARAM ANTIB X9 | F14: 58 | G14: Caramelos con Antibioticos Caramelos | H14: 86 | I14: 529 | J14: 443 | K14: 2955.4907 | L14: =$J14*$K14 | M14: Baja | N14: Homologado – confianza Baja – pendiente de validación | P14: Homologación: confianza base Alta + confianza SAP Alta → Alta. La nomenclatura del material imputado no respalda por sí sola la equivalencia (similitud 0.10); el vínculo proviene sólo de la homologación. Nivel degradado a Baja.
A15: Salta | B15: 1130 | C15: Medicamentos | D15: 1000961 | E15: MELATONINA x 30 COMPRIMIDOS | F15: 409 | G15: Melatonina 3mg comprimido | H15: 6 | I15: 120 | J15: 114 | K15: 8841.8167 | L15: =$J15*$K15 | M15: Media | N15: Homologado – confianza Media – pendiente de validación | P15: Cruce por nomenclatura: una nomenclatura no informa dosis; similitud 0.64. El material ocupa 2 filas en la hoja 1130 Salta (lote/almacén). La cantidad SAP y la física de esta vista son el total del material.
A16: Neuquén | B16: 1060 | C16: Medicamentos | D16: 1000441 | E16: SERTAL COMPUESTO COMPRIMIDOS | F16: 206 | G16: SERTAL | H16: 82 | I16: 220 | J16: 138 | K16: 7021.3771 | L16: =$J16*$K16 | M16: Media | N16: Homologado – confianza Media – pendiente de validación | P16: Cruce por nomenclatura: similitud 0.68. El material ocupa 5 filas en la hoja 1060 NQN (lote/almacén). La cantidad SAP y la física de esta vista son el total del material.
A17: Salta | B17: 1130 | C17: Medicamentos | D17: 1005358 | E17: AMOXICILINA 500 MGR | F17: 384 | G17: Amoxicilina 500 mg | H17: 10 | I17: 397 | J17: 387 | K17: 2425.78 | L17: =$J17*$K17 | M17: Alta | N17: Homologado – confianza Alta | P17: Cruce por nomenclatura: dosis coincide; similitud 1.00.
A18: Salta | B18: 1130 | C18: Medicamentos | D18: 1001237 | E18: ACIDO ACETILSALICILICO 100MG | F18: 410 | G18: Aspirina comprimidos 100mg | H18: 1 | I18: 428 | J18: 427 | K18: 2185 | L18: =$J18*$K18 | M18: Baja | N18: Homologado – confianza Baja – pendiente de validación | O18: Valorización a validar: relación de cantidades 428 a 1 entre SAP y el recuento físico. Sugiere distinta unidad de medida (SAP por caja o envase y el recuento por unidad). La diferencia económica de esta fila no debe tomarse como definitiva. | P18: Homologación: confianza base Alta + confianza SAP Alta → Alta. La nomenclatura del material imputado no respalda por sí sola la equivalencia (similitud 0.34); el vínculo proviene sólo de la homologación. Nivel degradado a Baja. El cruce SAP–Avain identificó 2 códigos SAP como posibles equivalentes del mismo ítem de Avain (1001237, 1000136). Se imputó al primero (lógica BUSCARV); requiere validación posterior. Otros códigos SAP del master no están en el stock de este centro: 1000802.
A19: Neuquén | B19: 1060 | C19: Descartables | D19: 2000475 | E19: PILA C 2 | F19: 282; 247; 503; 505; 504 | G19: PILA C; Pilas 2032; PILAS 9V; PILAS A76; PILAS LR41 | H19: 8 | I19: 409 | J19: 401 | K19: 1815.2225 | L19: =$J19*$K19 | M19: Baja | N19: Homologado – confianza Baja – pendiente de validación | O19: Valorización a validar: relación de cantidades 51 a 1 entre SAP y el recuento físico. Sugiere distinta unidad de medida (SAP por caja o envase y el recuento por unidad). La diferencia económica de esta fila no debe tomarse como definitiva. | P19: Varias denominaciones del inventario físico corresponden a este material SAP (282 PILA C; 247 Pilas 2032; 503 PILAS 9V; 505 PILAS A76; 504 PILAS LR41). Se sumaron las cantidades físicas. Cruce por nomenclatura: similitud 0.89. Cruce por nomenclatura: calibre/talle/medida distinta; similitud 0.62. El código Avain 503 figura en la homologación como «Difenhidramina+Calamina» (master M07-004), pero en el inventario físico corresponde a «PILAS 9V». El código no coincide con el producto: no se usó el vínculo de la homologación y se cruzó por nomenclatura. A revisar con los responsables de la base. Cruce por nomenclatura: similitud 0.61. El código Avain 505 figura en la homologación como «Famotidina» (master M08-008), pero en el inventario físico corresponde a «PILAS A76». El código no coincide con el producto: no se usó el vínculo de la homologación y se cruzó por nomenclatura. A revisar con los responsables de la base. Cruce por nomenclatura: similitud 0.60. El código Avain 504 figura en la homologación como «Hioscina+Dipirona» (master M08-005), pero en el inventario físico corresponde a «PILAS LR41». El código no coincide con el producto: no se usó el vínculo de la homologación y se cruzó por nomenclatura. A revisar con los responsables de la base. Cruce por nomenclatura: similitud 0.59.
A20: San Juan | B20: 1120 | C20: Descartables | D20: 2000462 | E20: BIGOTERA DESCARTABLE | F20: DESC36 | G20: Canula nasal | H20: 286 | I20: 1316 | J20: 1030 | K20: 678.84815 | L20: =$J20*$K20 | M20: Baja | N20: Homologado – confianza Baja – pendiente de validación | P20: Homologación: confianza base Media + confianza SAP Alta → Media. La nomenclatura del material imputado no respalda por sí sola la equivalencia (similitud 0.05); el vínculo proviene sólo de la homologación. Nivel degradado a Baja.
A21: Salta | B21: 1130 | C21: Medicamentos | D21: 1000193 | E21: MIGRAL COMPRIMIDO | F21: 186 | G21: Migral (ergotamina antimigrañoso) Comprimidos | H21: 4 | I21: 30 | J21: 26 | K21: 25873.643 | L21: =$J21*$K21 | M21: Media | N21: Homologado – confianza Media – pendiente de validación | P21: Homologación: confianza base Media + confianza SAP Media → Media. El material ocupa 2 filas en la hoja 1130 Salta (lote/almacén). La cantidad SAP y la física de esta vista son el total del material.
A22: Salta | B22: 1130 | C22: Medicamentos | D22: 1005104 | E22: CLONAZEPAM 0.5MG COMPRIMIDO | F22: 307 | G22: CLONAZEPAN 0,5 mg | H22: 1 | I22: 30 | J22: 29 | K22: 22869.5 | L22: =$J22*$K22 | M22: Alta | N22: Homologado – confianza Alta | P22: Cruce por nomenclatura: dosis coincide; similitud 0.76.
A23: Salta | B23: 1130 | C23: Medicamentos | D23: 1005350 | E23: CLONAZEPAM 2MG X 50COMP | F23: 75 | G23: Clonazepam comprimidos 2mg | H23: 1 | I23: 30 | J23: 29 | K23: 19008.5 | L23: =$J23*$K23 | M23: Media | N23: Homologado – confianza Media – pendiente de validación | P23: Homologado al master M09-006, pero sus códigos SAP (1005103, 1000543) no figuran en el stock SAP de este centro. Cruce por nomenclatura: dosis coincide; similitud 0.71. El cruce SAP–Avain identificó 2 códigos SAP como posibles equivalentes del mismo ítem de Avain (1005350, 1005104). Se imputó al primero (lógica BUSCARV); requiere validación posterior.
A24: Salta | B24: 1130 | C24: Descartables | D24: 2000270 | E24: GUANTES DE EXAMINACION TALLE S | F24: 133; 134; 135; 136 | G24: Guantes de latex chico no esteriles; Guantes de latex grande no esteril; Guantes de latex mediano no esteril; Guantes estériles 6.5 | H24: 20 | I24: 85 | J24: 65 | K24: 4642.161 | L24: =$J24*$K24 | M24: Baja | N24: Homologado – confianza Baja – pendiente de validación | P24: Varias denominaciones del inventario físico corresponden a este material SAP (133 Guantes de latex chico no esteriles; 134 Guantes de latex grande no esteril; 135 Guantes de latex mediano no esteril; 136 Guantes estériles 6.5). Se sumaron las cantidades físicas. Homologación: confianza base Media + confianza SAP Media → Media. La nomenclatura del material imputado no respalda por sí sola la equivalencia (similitud 0.29); el vínculo proviene sólo de la homologación. Nivel degradado a Baja. El cruce SAP–Avain identificó 3 códigos SAP como posibles equivalentes del mismo ítem de Avain (2000270, 2000158, 2000157). Se imputó al primero (lógica BUSCARV); requiere validación posterior. Homologación: confianza base Media + confianza SAP Media → Media. La nomenclatura del material imputado no respalda por sí sola la equivalencia (similitud 0.31); el vínculo proviene sólo de la homologación. Nivel degradado a Baja. El cruce SAP–Avain identificó 3 códigos SAP como posibles equivalentes del mismo ítem de Avain (2000270, 2000158, 2000157). Se imputó al primero (lógica BUSCARV); requiere validación posterior. Homologación: confianza base Media + confianza SAP Media → Media. La nomenclatura del material imputado no respalda por sí sola la equivalencia (similitud 0.31); el vínculo proviene sólo de la homologación. Nivel degradado a Baja. El cruce SAP–Avain identificó 3 códigos SAP como posibles equivalentes del mismo ítem de Avain (2000270, 2000158, 2000157). Se imputó al primero (lógica BUSCARV); requiere validación posterior. Homologación: confianza base Media + confianza SAP Media → Media. La nomenclatura del material imputado no respalda por sí sola la equivalencia (similitud 0.33); el vínculo proviene sólo de la homologación. Nivel degradado a Baja. El cruce SAP–Avain identificó 6 códigos SAP como posibles equivalentes del mismo ítem de Avain (2000270, 2000158, 2000157, 2001761, 2000021, 2000022). Se imputó al primero (lógica BUSCARV); requiere validación posterior. Otros códigos SAP del master no están en el stock de este centro: 2000794, 2000156, 2002459, 2000089.
A25: San Juan | B25: 1120 | C25: Descartables | D25: 2000532 | E25: CURITAS TELA ELASTICA | F25: DESC52 | G25: Curitas x 1 ud | H25: 40 | I25: 192 | J25: 152 | K25: 1702.36 | L25: =$J25*$K25 | M25: Alta | N25: Homologado – confianza Alta | P25: Homologación: confianza base Alta + confianza SAP Alta → Alta. El material ocupa 2 filas en la hoja 1120 SJ (lote/almacén). La cantidad SAP y la física de esta vista son el total del material.
A26: Neuquén | B26: 1060 | C26: Descartables | D26: 2000063 | E26: PINZA MAGILL PEDIATRICA | F26: 533 | G26: PINZA MAGILL | H26: 5 | I26: 12 | J26: 7 | K26: 27470 | L26: =$J26*$K26 | M26: Alta | N26: Homologado – confianza Alta | P26: Cruce por nomenclatura: similitud 0.82.
A27: Salta | B27: 1130 | C27: Descartables | D27: 2000028 | E27: JERINGA 10 ML | F27: 155 | G27: Jeringas 10 cc | H27: 305 | I27: 1277 | J27: 972 | K27: 188.08377 | L27: =$J27*$K27 | M27: Alta | N27: Homologado – confianza Alta | P27: Homologación: confianza base Alta + confianza SAP Alta → Alta. El material ocupa 2 filas en la hoja 1130 Salta (lote/almacén). La cantidad SAP y la física de esta vista son el total del material.
A28: Salta | B28: 1130 | C28: Medicamentos | D28: 1005357 | E28: SOLUCIÓN DEXTROSA AL 5% DE 500 CC | F28: 94 | G28: Dextrosa al 5% 500ml Baxter 500ml | H28: 40 | I28: 119 | J28: 79 | K28: 2189.04 | L28: =$J28*$K28 | M28: Baja | N28: Homologado – confianza Baja – pendiente de validación | P28: Homologado al master M13-002, pero sus códigos SAP (1000033) no figuran en el stock SAP de este centro. Cruce por nomenclatura: dosis coincide; similitud 0.68.
A29: San Juan | B29: 1120 | C29: Medicamentos | D29: 1000527 | E29: AMOXIDAL CLAVULANICO 1 G | F29: MED14 | G29: Amoxicilina + Clavulanato Comp x 1 mg | H29: 1 | I29: 371 | J29: 370 | K29: 386.59 | L29: =$J29*$K29 | M29: Baja | N29: Homologado – confianza Baja – pendiente de validación | O29: Valorización a validar: relación de cantidades 371 a 1 entre SAP y el recuento físico. Sugiere distinta unidad de medida (SAP por caja o envase y el recuento por unidad). La diferencia económica de esta fila no debe tomarse como definitiva. | P29: Homologación: confianza base Media + confianza SAP Media → Media. Aunque la homologación vincula estos registros, la presentación no coincide con el material imputado (dosis/presentación distinta (1MG vs 1000MG); similitud 0.26). Nivel degradado a Baja: verificar si corresponde otro código SAP. El cruce SAP–Avain identificó 2 códigos SAP como posibles equivalentes del mismo ítem de Avain (1000527, 1000816). Se imputó al primero (lógica BUSCARV); requiere validación posterior.
A30: Salta | B30: 1130 | C30: Descartables | D30: 2000023 | E30: GUIA MACROGOTERO Nª14 | F30: 139; 140 | G30: Guia Macrogotero; Guia Microgotero | H30: 50 | I30: 784 | J30: 734 | K30: 192.2024 | L30: =$J30*$K30 | M30: Alta | N30: Homologado – confianza Alta | P30: Varias denominaciones del inventario físico corresponden a este material SAP (139 Guia Macrogotero; 140 Guia Microgotero). Se sumaron las cantidades físicas. Homologación: confianza base Alta + confianza SAP Alta → Alta. Homologado al master D-132, pero sus códigos SAP (2000024) no figuran en el stock SAP de este centro. Cruce por nomenclatura: similitud 0.77.
A31: San Juan | B31: 1120 | C31: Descartables | D31: 2000029 | E31: JERINGA 20 ML | F31: DESC79 | G31: Jeringas 20 cc | H31: 4 | I31: 26 | J31: 22 | K31: 6134.2475 | L31: =$J31*$K31 | M31: Alta | N31: Homologado – confianza Alta | P31: Homologación: confianza base Alta + confianza SAP Alta → Alta. Otros códigos SAP del master no están en el stock de este centro: 2002429, 2002430.
A32: Neuquén | B32: 1060 | C32: Descartables | D32: 2000462 | E32: BIGOTERA DESCARTABLE | F32: 352; 353 | G32: bigoteras; CANULAS DE MAYO N°2 | H32: 520 | I32: 716 | J32: 196 | K32: 663.035 | L32: =$J32*$K32 | M32: Baja | N32: Homologado – confianza Baja – pendiente de validación | P32: Varias denominaciones del inventario físico corresponden a este material SAP (352 bigoteras; 353 CANULAS DE MAYO N°2). Se sumaron las cantidades físicas. La homologación no confirma la equivalencia (confianza base Sin coincidencia / confianza SAP Alta). Se imputó al código SAP del master con nivel Baja para no perder el recuento; requiere validación. Homologación: confianza base Sin coincidencia + confianza SAP Alta → Baja. La denominación del inventario («CANULAS DE MAYO N°2») difiere de la que registra el master para ese código («CANULASDEMAYON°2»). Nivel degradado a Baja hasta validar la equivalencia. Homologación: confianza base Media + confianza SAP Alta → Baja. La nomenclatura del material imputado no respalda por sí sola la equivalencia (similitud 0.04); el vínculo proviene sólo de la homologación. Nivel degradado a Baja. El material ocupa 2 filas en la hoja 1060 NQN (lote/almacén). La cantidad SAP y la física de esta vista son el total del material.
A33: Salta | B33: 1130 | C33: Medicamentos | D33: 1000059 | E33: BUTIL BROMURO DE HIOSCINA 20MG AMPOLLA | F33: 385 | G33: Hioscina 1 amp x 20mg | H33: 423 | I33: 695 | J33: 272 | K33: 430.85187 | L33: =$J33*$K33 | M33: Media | N33: Homologado – confianza Media – pendiente de validación | P33: Homologación: confianza base Media + confianza SAP Alta → Media. El material ocupa 2 filas en la hoja 1130 Salta (lote/almacén). La cantidad SAP y la física de esta vista son el total del material.
A34: Salta | B34: 1130 | C34: Medicamentos | D34: 1000561 | E34: ACETILCISTEINA 600MG COMP | F34: 7 | G34: ACEMUK (N-Acetilcisteina) 600 Comprimidos efervecesntes | H34: 3 | I34: 30 | J34: 27 | K34: 3842.5 | L34: =$J34*$K34 | M34: Baja | N34: Homologado – confianza Baja – pendiente de validación | P34: Cruce por nomenclatura: una nomenclatura no informa dosis; similitud 0.68.
A35: San Juan | B35: 1120 | C35: Medicamentos | D35: 1000565 | E35: LEVOFLOXACINA 500MG | F35: MED115 | G35: Levofloxacina Comp x 500 mg | H35: 5 | I35: 14 | J35: 9 | K35: 10689.728 | L35: =$J35*$K35 | M35: Alta | N35: Homologado – confianza Alta | P35: Homologación: confianza base Alta + confianza SAP Alta → Alta. El material ocupa 2 filas en la hoja 1120 SJ (lote/almacén). La cantidad SAP y la física de esta vista son el total del material.
A36: Salta | B36: 1130 | C36: Medicamentos | D36: 1000122 | E36: METOCLOPRAMIDA DE 10MG SL | F36: 184; 260 | G36: Metoclopramida Comp Comprimidos x 10mg; Metoclopramida subl. 10 mgs | H36: 480 | I36: 660 | J36: 180 | K36: 530.2094 | L36: =$J36*$K36 | M36: Media | N36: Homologado – confianza Media – pendiente de validación | P36: Varias denominaciones del inventario físico corresponden a este material SAP (184 Metoclopramida Comp Comprimidos x 10mg; 260 Metoclopramida subl. 10 mgs). Se sumaron las cantidades físicas. Homologación: confianza base Media + confianza SAP Alta → Media. Homologación: confianza base Media + confianza SAP Alta → Media. El material ocupa 2 filas en la hoja 1130 Salta (lote/almacén). La cantidad SAP y la física de esta vista son el total del material.
A37: Salta | B37: 1130 | C37: Descartables | D37: 2000027 | E37: JERINGA DE 5 ML | F37: 158 | G37: Jeringas 5 cc | H37: 506 | I37: 1342 | J37: 836 | K37: 100.49658 | L37: =$J37*$K37 | M37: Alta | N37: Homologado – confianza Alta | P37: Homologación: confianza base Alta + confianza SAP Alta → Alta. El material ocupa 2 filas en la hoja 1130 Salta (lote/almacén). La cantidad SAP y la física de esta vista son el total del material.
A38: Salta | B38: 1130 | C38: Descartables | D38: 2000012 | E38: BICARBONATO DE SODIO 100 ML | F38: 46 | G38: Bicarbonato de sodio 1 fco =100ml /8.4gr | H38: 2 | I38: 18 | J38: 16 | K38: 5054.7 | L38: =$J38*$K38 | M38: Media | N38: Homologado – confianza Media – pendiente de validación | P38: Homologación: confianza base Alta + confianza SAP Media → Media.
A39: Neuquén | B39: 1060 | C39: Descartables | D39: 2000024 | E39: GUIA MICROGOTERO Nº17 | F39: 528 | G39: GUIA V-17 S/AGUJA MICROGOTERO | H39: 100 | I39: 181 | J39: 81 | K39: 990 | L39: =$J39*$K39 | M39: Media | N39: Homologado – confianza Media – pendiente de validación | P39: Cruce por nomenclatura: similitud 0.57. El cruce SAP–Avain identificó 2 códigos SAP como posibles equivalentes del mismo ítem de Avain (2000024, 2000023). Se imputó al primero (lógica BUSCARV); requiere validación posterior.
A40: Salta | B40: 1130 | C40: Descartables | D40: 2000079 | E40: VENDA TIPO CAMBRIC X 10 CM | F40: 280; 249; 250 | G40: Venda de 20 cm; Vendas de 10 cm; Vendas de 5 cm | H40: 90 | I40: 361 | J40: 271 | K40: 285.36667 | L40: =$J40*$K40 | M40: Baja | N40: Homologado – confianza Baja – pendiente de validación | P40: Varias denominaciones del inventario físico corresponden a este material SAP (280 Venda de 20 cm; 249 Vendas de 10 cm; 250 Vendas de 5 cm). Se sumaron las cantidades físicas. Cruce por nomenclatura: dosis/presentación distinta (20CM vs 10CM); similitud 0.56. El cruce SAP–Avain identificó 3 códigos SAP como posibles equivalentes del mismo ítem de Avain (2000079, 2002475, 2000449). Se imputó al primero (lógica BUSCARV); requiere validación posterior. Homologación: confianza base Media + confianza SAP Alta → Media. Homologado al master D-143, pero sus códigos SAP (2000080, 2000314) no figuran en el stock SAP de este centro. Cruce por nomenclatura: dosis/presentación distinta (5CM vs 10CM); similitud 0.55. El cruce SAP–Avain identificó 3 códigos SAP como posibles equivalentes del mismo ítem de Avain (2000079, 2002475, 2000449). Se imputó al primero (lógica BUSCARV); requiere validación posterior. El material ocupa 2 filas en la hoja 1130 Salta (lote/almacén). La cantidad SAP y la física de esta vista son el total del material.
A41: Salta | B41: 1130 | C41: Descartables | D41: 2000008 | E41: AGUJA HIPODERMICA 21G x 1 - 25/8 | F41: 20 | G41: Agujas 25/8 | H41: 217 | I41: 1669 | J41: 1452 | K41: 45.266636 | L41: =$J41*$K41 | M41: Alta | N41: Homologado – confianza Alta | P41: Homologación: confianza base Alta + confianza SAP Alta → Alta. El material ocupa 2 filas en la hoja 1130 Salta (lote/almacén). La cantidad SAP y la física de esta vista son el total del material.
... A107: Salta | B107: 1130 | C107: Medicamentos | D107: 1000046 | E107: IBUPROFENO 400 MG COMPRIMIDOS | F107: 151 | G107: Ibuprofeno comprimidos x 400mg | H107: 20 | I107: 40 | J107: 20 | K107: 39.2 | L107: =$J107*$K107 | M107: Alta | N107: Homologado – confianza Alta | P107: Cruce por nomenclatura: dosis coincide; similitud 0.95.
A108: Neuquén | B108: 1060 | C108: Medicamentos | D108: 1000129 | E108: KETOROLAC 10MG SUBLINGUAL | F108: 147; 148 | G108: KETOROLAC; KETOROLAC SL | H108: 0 | I108: 61 | J108: 61 | K108: 0 | L108: sin VU en SAP (dato faltante) | M108: Baja | N108: Homologado – confianza Baja – pendiente de validación | P108: Varias denominaciones del inventario físico corresponden a este material SAP (147 KETOROLAC; 148 KETOROLAC SL). Se sumaron las cantidades físicas. Homologación: confianza base Media + confianza SAP Alta → Media. Cruce por nomenclatura: una nomenclatura no informa dosis; similitud 0.50. El cruce SAP–Avain identificó 2 códigos SAP como posibles equivalentes del mismo ítem de Avain (1000129, 1000196). Se imputó al primero (lógica BUSCARV); requiere validación posterior.
A109: Neuquén | B109: 1060 | C109: Descartables | D109: 2000016 | E109: ESTETOSCOPIO ADULTO | F109: 522 | G109: ESTETOSCOPIO | H109: 0 | I109: 21 | J109: 21 | K109: 0 | L109: sin VU en SAP (dato faltante) | M109: Alta | N109: Homologado – confianza Alta | P109: El código Avain 522 figura en la homologación como «Abbocath n° 22» (master D-129), pero en el inventario físico corresponde a «ESTETOSCOPIO». El código no coincide con el producto: no se usó el vínculo de la homologación y se cruzó por nomenclatura. A revisar con los responsables de la base. Cruce por nomenclatura: similitud 0.83.
A110: Neuquén | B110: 1060 | C110: Descartables | D110: 2000036 | E110: TENSIOMETRO PEDIATRICO | F110: 500 | G110: AMBU PEDIATRICO | H110: 0 | I110: 2 | J110: 2 | K110: 0 | L110: sin VU en SAP (dato faltante) | M110: Baja | N110: Homologado – confianza Baja – pendiente de validación | P110: El código Avain 500 figura en la homologación como «Mgsulfato» (master M04-015), pero en el inventario físico corresponde a «AMBU PEDIATRICO». El código no coincide con el producto: no se usó el vínculo de la homologación y se cruzó por nomenclatura. A revisar con los responsables de la base. Cruce por nomenclatura: similitud 0.50. El cruce SAP–Avain identificó 2 códigos SAP como posibles equivalentes del mismo ítem de Avain (2000036, 2000017). Se imputó al primero (lógica BUSCARV); requiere validación posterior.
A111: TOTAL | B111: (responde al filtro) | J111: =SUBTOTAL(109,J6:J110) | L111: =SUBTOTAL(109,L6:L110)

Sheet Sin correspondencia SAP
A2: Ítems del inventario físico sin correspondencia en SAP
A3: Ítems relevados por Avain que no tienen código SAP en este centro. Requieren alta de material o completar la homologación. No tienen valor unitario en SAP, por lo que la valorización no puede calcularse.
A5: Base | B5: Centro | C5: Clasificación SAP | D5: Código SAP (Material) | E5: Nomenclatura SAP | F5: Código Avain | G5: Nombre en inventario físico Avain | H5: Cantidad SAP · UNIDADES | I5: Cantidad física · UNIDADES | J5: Cantidad a ajustar · UNIDADES | K5: VU promedio ponderado · IMPORTE $ por unidad | L5: Valor económico del ajuste · IMPORTE $ | M5: Nivel de coincidencia | N5: Estado de homologación / validación | O5: Alerta de valorización | P5: Observaciones
A6: Neuquén | B6: 1060 | C6: Sin clasificar en SAP | F6: 365 | G6: MASCARA DE OXIGENO CON RESERVORIO | H6: 0 | I6: 642 | J6: 642 | L6: sin VU en SAP (dato faltante) | M6: Sin coincidencia | N6: Sin correspondencia confirmada: hay aproximaciones en SAP, descartadas por presentación o evidencia débil | O6: Sin valor unitario en SAP: la diferencia económica de este ítem no puede calcularse (dato faltante). | P6: Mejor aproximación descartada: 2000363 MASCARA PARA O2 ADULTO CON RESERVORIO (similitud 0.60).
A7: Neuquén | B7: 1060 | C7: Sin clasificar en SAP | F7: 326 | G7: ISOSORBIDA SUBLINGUAL COMPR | H7: 0 | I7: 375 | J7: 375 | L7: sin VU en SAP (dato faltante) | M7: Sin coincidencia | N7: Sin correspondencia confirmada: hay aproximaciones en SAP, descartadas por presentación o evidencia débil | O7: Sin valor unitario en SAP: la diferencia económica de este ítem no puede calcularse (dato faltante). | P7: Mejor aproximación descartada: 1000129 KETOROLAC 10MG SUBLINGUAL (una nomenclatura no informa dosis; similitud 0.34).
A8: Neuquén | B8: 1060 | C8: Sin clasificar en SAP | F8: 289 | G8: Cinta adhesiva traspore | H8: 0 | I8: 264 | J8: 264 | L8: sin VU en SAP (dato faltante) | M8: Sin coincidencia | N8: Sin correspondencia confirmada: hay aproximaciones en SAP, descartadas por presentación o evidencia débil | O8: Sin valor unitario en SAP: la diferencia económica de este ítem no puede calcularse (dato faltante). | P8: Mejor aproximación descartada: 2000206 TELA ADHESIVA 5CM HOSPITALARIA (una nomenclatura no informa dosis; similitud 0.30).
A9: Neuquén | B9: 1060 | C9: Sin clasificar en SAP | F9: 372 | G9: SONDA PARA SUCCION SK-32P | H9: 0 | I9: 179 | J9: 179 | L9: sin VU en SAP (dato faltante) | M9: Sin coincidencia | N9: Sin correspondencia confirmada: hay aproximaciones en SAP, descartadas por presentación o evidencia débil | O9: Sin valor unitario en SAP: la diferencia económica de este ítem no puede calcularse (dato faltante). | P9: Mejor aproximación descartada: 2000245 SONDA DE ASPIRACION K-32P KOLLER (similitud 0.42).
A10: Neuquén | B10: 1060 | C10: Sin clasificar en SAP | F10: 286 | G10: Sonda nasogastrica N° 9 | H10: 0 | I10: 136 | J10: 136 | L10: sin VU en SAP (dato faltante) | M10: Sin coincidencia | N10: Sin correspondencia confirmada: hay aproximaciones en SAP, descartadas por presentación o evidencia débil | O10: Sin valor unitario en SAP: la diferencia económica de este ítem no puede calcularse (dato faltante). | P10: Mejor aproximación descartada: 2000867 SONDA NASOGASTRICA K-10 (calibre/talle/medida distinta; similitud 0.59).
A11: Neuquén | B11: 1060 | C11: Sin clasificar en SAP | F11: 131 | G11: HIOSCINA SIMPLE AMP | H11: 0 | I11: 131 | J11: 131 | L11: sin VU en SAP (dato faltante) | M11: Sin coincidencia | N11: Sin correspondencia confirmada: hay aproximaciones en SAP, descartadas por presentación o evidencia débil | O11: Sin valor unitario en SAP: la diferencia económica de este ítem no puede calcularse (dato faltante). | P11: Mejor aproximación descartada: 1000170 BUSCAPINA SIMPLE AMP (similitud 0.59).
A12: Neuquén | B12: 1060 | C12: Sin clasificar en SAP | F12: 364 | G12: TUBO ENDOTRAQUEAL N°7 | H12: 0 | I12: 96 | J12: 96 | L12: sin VU en SAP (dato faltante) | M12: Sin coincidencia | N12: Sin correspondencia confirmada: hay aproximaciones en SAP, descartadas por presentación o evidencia débil | O12: Sin valor unitario en SAP: la diferencia económica de este ítem no puede calcularse (dato faltante). | P12: Mejor aproximación descartada: 2000077 TUBO ENDOTRAQ Nº 7 C/BALON (similitud 0.58).
A13: Neuquén | B13: 1060 | C13: Sin clasificar en SAP | F13: 511 | G13: CLORURO DE SODIO HIPERTONICO 20% | H13: 0 | I13: 92 | J13: 92 | L13: sin VU en SAP (dato faltante) | M13: Sin coincidencia | N13: Sin correspondencia confirmada: hay aproximaciones en SAP, descartadas por presentación o evidencia débil | O13: Sin valor unitario en SAP: la diferencia económica de este ítem no puede calcularse (dato faltante). | P13: El código Avain 511 figura en la homologación como «Clindamicina» (master M11-007), pero en el inventario físico corresponde a «CLORURO DE SODIO HIPERTONICO 20%». El código no coincide con el producto: no se usó el vínculo de la homologación y se cruzó por nomenclatura. A revisar con los responsables de la base. Mejor aproximación descartada: 1000234 GLUCOSADO HIPERTÓNICO 50% AMPOLLA (dosis/presentación distinta (20% vs 50%); similitud 0.43).
A14: Neuquén | B14: 1060 | C14: Sin clasificar en SAP | F14: 473 | G14: AGUJA PARA LAPICERA INSULINA 31G 5MM | H14: 0 | I14: 80 | J14: 80 | L14: sin VU en SAP (dato faltante) | M14: Sin coincidencia | N14: Sin correspondencia confirmada: hay aproximaciones en SAP, descartadas por presentación o evidencia débil | O14: Sin valor unitario en SAP: la diferencia económica de este ítem no puede calcularse (dato faltante). | P14: Mejor aproximación descartada: 2000483 LINTERNA LAPICERA (una nomenclatura no informa dosis; similitud 0.38).
A15: Neuquén | B15: 1060 | C15: Sin clasificar en SAP | F15: 526 | G15: heparina | H15: 0 | I15: 80 | J15: 80 | L15: sin VU en SAP (dato faltante) | M15: Sin coincidencia | N15: Sin correspondencia confirmada: hay aproximaciones en SAP, descartadas por presentación o evidencia débil | O15: Sin valor unitario en SAP: la diferencia económica de este ítem no puede calcularse (dato faltante). | P15: Mejor aproximación descartada: 2000027 JERINGA DE 5 ML (una nomenclatura no informa dosis; similitud 0.14).
A16: Neuquén | B16: 1060 | C16: Sin clasificar en SAP | F16: 124 | G16: GOTA PC ® TETRAHIDRAZOLINA CLORHIDRATO | H16: 0 | I16: 49 | J16: 49 | L16: sin VU en SAP (dato faltante) | M16: Sin coincidencia | N16: Sin correspondencia confirmada: hay aproximaciones en SAP, descartadas por presentación o evidencia débil | O16: Sin valor unitario en SAP: la diferencia económica de este ítem no puede calcularse (dato faltante). | P16: Mejor aproximación descartada: 1000314 MORFINA CLORHIDRATO 10MG (una nomenclatura no informa dosis; similitud 0.36).
A17: Neuquén | B17: 1060 | C17: Sin clasificar en SAP | F17: 378 | G17: MASCARA PARA ANESTESIA L | H17: 0 | I17: 49 | J17: 49 | L17: sin VU en SAP (dato faltante) | M17: Sin coincidencia | N17: Sin correspondencia confirmada: hay aproximaciones en SAP, descartadas por presentación o evidencia débil | O17: Sin valor unitario en SAP: la diferencia económica de este ítem no puede calcularse (dato faltante). | P17: Mejor aproximación descartada: 2000396 MASCARA LARINGEA Nº 3 (similitud 0.34).
... A201: San Juan | B201: 1120 | C201: Sin clasificar en SAP | F201: DESC126 | G201: Sutura Prolene 5-0 | H201: 0 | I201: 1 | J201: 1 | L201: sin VU en SAP (dato faltante) | M201: Sin coincidencia | N201: Sin correspondencia confirmada: hay aproximaciones en SAP, descartadas por presentación o evidencia débil | O201: Sin valor unitario en SAP: la diferencia económica de este ítem no puede calcularse (dato faltante). | P201: Mejor aproximación descartada: 2001233 HILO DE SUTURA SUPRALON 5 (similitud 0.42).
A202: TOTAL | B202: (responde al filtro) | J202: =SUBTOTAL(109,J6:J201) | L202: =SUBTOTAL(109,L6:L201)

Sheet 1120 SJ
A1: Material | B1: Texto breve de material | C1: Lote | D1: Grupo de artículos | E1: Tipo material | F1: Centro | G1: Almacén | H1: Unidad medida base | I1: Libre utilización | J1: Trans./Trasl. | K1: Moneda | L1: Valor tránsito | M1: Valor libre util. | N1: Cuenta | O1: % | P1: VU | Q1: Cantidad fisica(recuento) | R1: Diferencia Q | S1: Diferencia economica | T1: Comentarios | U1: Origen del registro | V1: Clasificación SAP | W1: Alcance del inventario físico | X1: Nivel de coincidencia SAP–Avain | Y1: Estado de homologación / validación | Z1: Acción en SAP | AA1: Código Avain | AB1: Nombre en inventario físico Avain | AC1: Método de cruce | AD1: ¿Posible duplicidad SAP? | AE1: Códigos SAP posibles equivalentes | AF1: ¿Informado en Master de Seba? | AG1: ID común (Master) | AH1: Cantidad SAP del material · UNIDADES | AI1: Inventario físico Avain del material · UNIDADES | AJ1: Diferencia del material (SAP − físico) · UNIDADES | AK1: VU promedio ponderado del material · IMPORTE $ por unidad | AL1: Diferencia económica del material · IMPORTE $ | AM1: Valor del recuento físico (VU × cantidad física) · IMPORTE $ | AN1: Alerta de valorización | AO1: Observaciones del cruce
A2: 2001555 | B2: SONDA T/K-27 | D2: MDES | E2: ZDES | F2: 1120 | G2: 2021 | H2: C/U | I2: 4107 | J2: 0 | K2: ARS | L2: 0 | M2: 3233000.3 | N2: =IFERROR(VLOOKUP(E2,[1]Total!$D$1:$M$446,10,0),0) | O2: =M2/SUM($M$2:$M$679) | P2: =IFERROR(M2/I2,0) | R2: =I2-Q2 | S2: =$AK2*R2 | U2: Stock SAP | V2: Descartables | W2: Dentro del alcance | Y2: Sin recuento físico en el inventario de Avain | Z2: Sin recuento físico | AH2: 4107 | AI2: =Q2 | AJ2: =$AH2-$AI2 | AK2: 787.19267 | AL2: =$AJ2*$AK2 | AM2: =$AI2*$AK2
A3: 2000158 | B3: GUANTES DE EXAMINACIÓN TALLE M | D3: 033 | E3: ZDES | F3: 1120 | G3: 2021 | H3: C/U | I3: 3090 | J3: 0 | K3: ARS | L3: 0 | M3: 496321.61 | N3: =IFERROR(VLOOKUP(E3,[1]Total!$D$1:$M$446,10,0),0) | O3: =M3/SUM($M$2:$M$679) | P3: =IFERROR(M3/I3,0) | Q3: 2000 | R3: =I3-Q3 | S3: =$AK3*R3 | U3: Stock SAP | V3: Descartables | W3: Dentro del alcance | X3: Alta | Y3: Homologado – confianza Alta | Z3: Dar de baja en SAP | AA3: DESC68 | AB3: Guantes de examinacion M c/u | AC3: Cruce por nomenclatura SAP | AD3: No | AF3: Sí | AH3: 3090 | AI3: =Q3 | AJ3: =$AH3-$AI3 | AK3: 160.62188 | AL3: =$AJ3*$AK3 | AM3: =$AI3*$AK3 | AO3: Cruce por nomenclatura: similitud 0.88.
A4: 1000470 | B4: PARACETAMOL COMP 1 GRAMO | C4: 00000 | D4: 033 | E4: ZMED | F4: 1120 | G4: 2021 | H4: C/U | I4: 3000 | J4: 0 | K4: ARS | L4: 0 | M4: 261471.37 | N4: =IFERROR(VLOOKUP(E4,[1]Total!$D$1:$M$446,10,0),0) | O4: =M4/SUM($M$2:$M$679) | P4: =IFERROR(M4/I4,0) | Q4: 1048 | R4: =I4-Q4 | S4: =$AK4*R4 | U4: Stock SAP | V4: Medicamentos | W4: Dentro del alcance | X4: Baja | Y4: Homologado – confianza Baja – pendiente de validación | Z4: Dar de baja en SAP | AA4: MED150 | AB4: Paracetamol Comp x 1 gr | AC4: Homologación por código Avain (master M01-008) | AD4: No | AF4: Sí | AG4: M01-008 | AH4: 3831 | AI4: =Q4 | AJ4: =$AH4-$AI4 | AK4: 87.157123 | AL4: =$AJ4*$AK4 | AM4: =$AI4*$AK4 | AO4: Homologación: confianza base Baja + confianza SAP Baja → Baja. El material ocupa 6 filas en la hoja 1120 SJ (lote/almacén). La cantidad SAP y la física de esta vista son el total del material.
A5: 2000363 | B5: MASCARA PARA O2 ADULTO CON RESERVORIO | D5: 033 | E5: ZDES | F5: 1120 | G5: 2021 | H5: C/U | I5: 2912 | J5: 0 | K5: ARS | L5: 0 | M5: 4641809.5 | N5: =IFERROR(VLOOKUP(E5,[1]Total!$D$1:$M$446,10,0),0) | O5: =M5/SUM($M$2:$M$679) | P5: =IFERROR(M5/I5,0) | Q5: 50 | R5: =I5-Q5 | S5: =$AK5*R5 | U5: Stock SAP | V5: Descartables | W5: Dentro del alcance | X5: Media | Y5: Homologado – confianza Media – pendiente de validación | Z5: Dar de baja en SAP | AA5: DESC93 | AB5: Mascaras para oxigeno c/ reservorio | AC5: Homologación por código Avain (master D-159) | AD5: No | AF5: Sí | AG5: D-159 | AH5: 2912 | AI5: =Q5 | AJ5: =$AH5-$AI5 | AK5: 1594.028 | AL5: =$AJ5*$AK5 | AM5: =$AI5*$AK5 | AN5: Valorización a validar: relación de cantidades 58 a 1 entre SAP y el recuento físico. Sugiere distinta unidad de medida (SAP por caja o envase y el recuento por unidad). La diferencia económica de esta fila no debe tomarse como definitiva. | AO5: Homologación: confianza base Media + confianza SAP Media → Media. Otros códigos SAP del master no están en el stock de este centro: 2000364.
A6: 2000011 | B6: BAJALENGUAS DE MADERA | D6: 033 | E6: ZDES | F6: 1120 | G6: 2021 | H6: C/U | I6: 2636 | J6: 0 | K6: ARS | L6: 0 | M6: 88337.75 | N6: =IFERROR(VLOOKUP(E6,[1]Total!$D$1:$M$446,10,0),0) | O6: =M6/SUM($M$2:$M$679) | P6: =IFERROR(M6/I6,0) | Q6: 1800 | R6: =I6-Q6 | S6: =$AK6*R6 | U6: Stock SAP | V6: Descartables | W6: Dentro del alcance | X6: Media | Y6: Homologado – confianza Media – pendiente de validación | Z6: Dar de baja en SAP | AA6: DESC22 | AB6: Bajalenguas x 1 ud | AC6: Cruce por nomenclatura SAP | AD6: No | AF6: No | AH6: 2636 | AI6: =Q6 | AJ6: =$AH6-$AI6 | AK6: 33.512045 | AL6: =$AJ6*$AK6 | AM6: =$AI6*$AK6 | AO6: Cruce por nomenclatura: similitud 0.62.
A7: 2000270 | B7: GUANTES DE EXAMINACION TALLE S | D7: 033 | E7: ZDES | F7: 1120 | G7: 2021 | H7: C/U | I7: 2547 | J7: 0 | K7: ARS | L7: 0 | M7: 276761.46 | N7: =IFERROR(VLOOKUP(E7,[1]Total!$D$1:$M$446,10,0),0) | O7: =M7/SUM($M$2:$M$679) | P7: =IFERROR(M7/I7,0) | Q7: 2810 | R7: =I7-Q7 | S7: =$AK7*R7 | U7: Stock SAP | V7: Descartables | W7: Dentro del alcance | X7: Media | Y7: Homologado – confianza Media – pendiente de validación | Z7: Dar de alta en SAP | AA7: DESC66; DESC67; 32 | AB7: Guantes de examinacion Ch c/u; Guantes de examinacion G c/u; GUANTES DE EXAMINACIÓN TALLE S | AC7: Cruce por nomenclatura SAP; Homologación por código Avain (master D-152); Homologación por código Avain (master K-234) | AD7: Sí | AE7: 2000270, 2000158, 2000157 | AF7: Sí | AG7: D-152; K-234 | AH7: 2547 | AI7: =Q7 | AJ7: =$AH7-$AI7 | AK7: 108.66174 | AL7: =$AJ7*$AK7 | AM7: =$AI7*$AK7 | AO7: Varias denominaciones del inventario físico corresponden a este material SAP (DESC66 Guantes de examinacion Ch c/u; DESC67 Guantes de examinacion G c/u; 32 GUANTES DE EXAMINACIÓN TALLE S). Se sumaron las cantidades físicas. Cruce por nomenclatura: similitud 0.60. Homologación: confianza base Media + confianza SAP Media → Media. El cruce SAP–Avain identificó 3 códigos SAP como posibles equivalentes del mismo ítem de Avain (2000270, 2000158, 2000157). Se imputó al primero (lógica BUSCARV); requiere validación posterior. Homologación: confianza base Media + confianza SAP Media → Media. El cruce SAP–Avain identificó 3 códigos SAP como posibles equivalentes del mismo ítem de Avain (2000270, 2000158, 2000157). Se imputó al primero (lógica BUSCARV); requiere validación posterior.
A8: 2000028 | B8: JERINGA 10 ML | D8: 033 | E8: ZDES | F8: 1120 | G8: 2021 | H8: C/U | I8: 2117 | J8: 0 | K8: ARS | L8: 0 | M8: 200907.3 | N8: =IFERROR(VLOOKUP(E8,[1]Total!$D$1:$M$446,10,0),0) | O8: =M8/SUM($M$2:$M$679) | P8: =IFERROR(M8/I8,0) | Q8: 918 | R8: =I8-Q8 | S8: =$AK8*R8 | U8: Stock SAP | V8: Descartables | W8: Dentro del alcance | X8: Alta | Y8: Homologado – confianza Alta | Z8: Dar de baja en SAP | AA8: DESC78 | AB8: Jeringas 10 cc | AC8: Homologación por código Avain (master D-136) | AD8: No | AF8: Sí | AG8: D-136 | AH8: 2367 | AI8: =Q8 | AJ8: =$AH8-$AI8 | AK8: 94.901888 | AL8: =$AJ8*$AK8 | AM8: =$AI8*$AK8 | AO8: Homologación: confianza base Alta + confianza SAP Alta → Alta. El material ocupa 2 filas en la hoja 1120 SJ (lote/almacén). La cantidad SAP y la física de esta vista son el total del material.
A9: 2000041 | B9: BARBIJO TRIPLE RECTO C/ELÁSTI | D9: 033 | E9: ZDES | F9: 1120 | G9: 2021 | H9: C/U | I9: 2094 | J9: 0 | K9: ARS | L9: 0 | M9: 334520.96 | N9: =IFERROR(VLOOKUP(E9,[1]Total!$D$1:$M$446,10,0),0) | O9: =M9/SUM($M$2:$M$679) | P9: =IFERROR(M9/I9,0) | R9: =I9-Q9 | S9: =$AK9*R9 | U9: Stock SAP | V9: Descartables | W9: Dentro del alcance | Y9: Sin recuento físico en el inventario de Avain | Z9: Sin recuento físico | AH9: 2094 | AI9: =Q9 | AJ9: =$AH9-$AI9 | AK9: 159.75213 | AL9: =$AJ9*$AK9 | AM9: =$AI9*$AK9
A10: 2000023 | B10: GUIA MACROGOTERO Nª14 | D10: 033 | E10: ZDES | F10: 1120 | G10: 2021 | H10: C/U | I10: 2075 | J10: 0 | K10: ARS | L10: 0 | M10: 569620.36 | N10: =IFERROR(VLOOKUP(E10,[1]Total!$D$1:$M$446,10,0),0) | O10: =M10/SUM($M$2:$M$679) | P10: =IFERROR(M10/I10,0) | Q10: 1090 | R10: =I10-Q10 | S10: =$AK10*R10 | U10: Stock SAP | V10: Descartables | W10: Dentro del alcance | X10: Media | Y10: Homologado – confianza Media – pendiente de validación | Z10: Dar de baja en SAP | AA10: DESC73 | AB10: Guia Macrogotero | AC10: Homologación por código Avain (master D-131) | AD10: No | AF10: Sí | AG10: D-131 | AH10: 2075 | AI10: =Q10 | AJ10: =$AH10-$AI10 | AK10: 274.51584 | AL10: =$AJ10*$AK10 | AM10: =$AI10*$AK10 | AO10: Homologación: confianza base Media + confianza SAP Alta → Media.
A11: 2000008 | B11: AGUJA HIPODERMICA 21G x 1 - 25/8 | D11: 033 | E11: ZDES | F11: 1120 | G11: 2021 | H11: C/U | I11: 1548 | J11: 0 | K11: ARS | L11: 0 | M11: 38660.94 | N11: =IFERROR(VLOOKUP(E11,[1]Total!$D$1:$M$446,10,0),0) | O11: =M11/SUM($M$2:$M$679) | P11: =IFERROR(M11/I11,0) | Q11: 975 | R11: =I11-Q11 | S11: =$AK11*R11 | U11: Stock SAP | V11: Descartables | W11: Dentro del alcance | X11: Alta | Y11: Homologado – confianza Alta | Z11: Dar de baja en SAP | AA11: DESC12 | AB11: Agujas 25/8 | AC11: Homologación por código Avain (master D-138) | AD11: No | AF11: Sí | AG11: D-138 | AH11: 1548 | AI11: =Q11 | AJ11: =$AH11-$AI11 | AK11: 24.974767 | AL11: =$AJ11*$AK11 | AM11: =$AI11*$AK11 | AO11: Homologación: confianza base Alta + confianza SAP Alta → Alta.
A12: 1000182 | B12: METOCLOPRAMIDA COMPRIMIDO | C12: 00000 | D12: 033 | E12: ZMED | F12: 1120 | G12: 2021 | H12: C/U | I12: 1530 | J12: 0 | K12: ARS | L12: 0 | M12: 115788.86 | N12: =IFERROR(VLOOKUP(E12,[1]Total!$D$1:$M$446,10,0),0) | O12: =M12/SUM($M$2:$M$679) | P12: =IFERROR(M12/I12,0) | Q12: 300 | R12: =I12-Q12 | S12: =$AK12*R12 | U12: Stock SAP | V12: Medicamentos | W12: Dentro del alcance | X12: Alta | Y12: Homologado – confianza Alta | Z12: Dar de baja en SAP | AA12: MED132 | AB12: Metoclopramida S/L comp | AC12: Cruce por nomenclatura SAP | AD12: No | AF12: No | AH12: 1530 | AI12: =Q12 | AJ12: =$AH12-$AI12 | AK12: 75.678993 | AL12: =$AJ12*$AK12 | AM12: =$AI12*$AK12 | AO12: Cruce por nomenclatura: similitud 0.87.
A13: 1000124 | B13: IBUPROFENO COMP 600MG | C13: 00172 | D13: 033 | E13: ZMED | F13: 1120 | G13: 2021 | H13: C/U | I13: 1330 | J13: 0 | K13: ARS | L13: 0 | M13: 83645.45 | N13: =IFERROR(VLOOKUP(E13,[1]Total!$D$1:$M$446,10,0),0) | O13: =M13/SUM($M$2:$M$679) | P13: =IFERROR(M13/I13,0) | Q13: 222 | R13: =I13-Q13 | S13: =$AK13*R13 | U13: Stock SAP | V13: Medicamentos | W13: Dentro del alcance | X13: Alta | Y13: Homologado – confianza Alta | Z13: Dar de baja en SAP | AA13: MED102 | AB13: Ibuprofeno Comp x 600 mg | AC13: Homologación por código Avain (master M01-005) | AD13: No | AF13: Sí | AG13: M01-005 | AH13: 5940 | AI13: =Q13 | AJ13: =$AH13-$AI13 | AK13: 62.891318 | AL13: =$AJ13*$AK13 | AM13: =$AI13*$AK13 | AO13: Homologación: confianza base Alta + confianza SAP Alta → Alta. El material ocupa 16 filas en la hoja 1120 SJ (lote/almacén). La cantidad SAP y la física de esta vista son el total del material.
A14: 1000124 | B14: IBUPROFENO COMP 600MG | C14: 00000 | D14: 033 | E14: ZMED | F14: 1120 | G14: 2021 | H14: C/U | I14: 1280 | J14: 0 | K14: ARS | L14: 0 | M14: 80500.89 | N14: =IFERROR(VLOOKUP(E14,[1]Total!$D$1:$M$446,10,0),0) | O14: =M14/SUM($M$2:$M$679) | P14: =IFERROR(M14/I14,0) | R14: =I14-Q14 | S14: =$AK14*R14 | U14: Stock SAP | V14: Medicamentos | W14: Dentro del alcance | X14: Alta | Y14: Homologado – confianza Alta | Z14: Dar de baja en SAP | AA14: MED102 | AB14: Ibuprofeno Comp x 600 mg | AC14: Homologación por código Avain (master M01-005) | AD14: No | AF14: Sí | AG14: M01-005 | AK14: 62.891318 | AO14: La cantidad física del material se imputó en la fila 13 (primera fila del material). Homologación: confianza base Alta + confianza SAP Alta → Alta. El material ocupa 16 filas en la hoja 1120 SJ (lote/almacén). La cantidad SAP y la física de esta vista son el total del material.
A15: 2000009 | B15: AGUJA HIPODERMICA 21G x 1 ½ - 40/8 | D15: 033 | E15: ZDES | F15: 1120 | G15: 2021 | H15: C/U | I15: 1229 | J15: 0 | K15: ARS | L15: 0 | M15: 68561.82 | N15: =IFERROR(VLOOKUP(E15,[1]Total!$D$1:$M$446,10,0),0) | O15: =M15/SUM($M$2:$M$679) | P15: =IFERROR(M15/I15,0) | Q15: 100 | R15: =I15-Q15 | S15: =$AK15*R15 | U15: Stock SAP | V15: Descartables | W15: Dentro del alcance | X15: Alta | Y15: Homologado – confianza Alta | Z15: Dar de baja en SAP | AA15: DESC13 | AB15: Agujas 40/8 | AC15: Homologación por código Avain (master D-139) | AD15: No | AF15: Sí | AG15: D-139 | AH15: 1229 | AI15: =Q15 | AJ15: =$AH15-$AI15 | AK15: 55.786672 | AL15: =$AJ15*$AK15 | AM15: =$AI15*$AK15 | AO15: Homologación: confianza base Alta + confianza SAP Alta → Alta.
A16: 1000478 | B16: DEXAMETASONA 8MG/2ML AMP(DESCONTINUADO) | C16: 00000 | D16: 033 | E16: ZMED | F16: 1120 | G16: 2021 | H16: C/U | I16: 1201 | J16: 0 | K16: ARS | L16: 0 | M16: 843947.64 | N16: =IFERROR(VLOOKUP(E16,[1]Total!$D$1:$M$446,10,0),0) | O16: =M16/SUM($M$2:$M$679) | P16: =IFERROR(M16/I16,0) | Q16: 100 | R16: =I16-Q16 | S16: =$AK16*R16 | U16: Stock SAP | V16: Medicamentos | W16: Dentro del alcance | X16: Alta | Y16: Homologado – confianza Alta | Z16: Dar de baja en SAP | AA16: MED55 | AB16: Dexametasona 8mg Amp x 2 ml | AC16: Homologación por código Avain (master M06-001) | AD16: No | AF16: Sí | AG16: M06-001 | AH16: 2853 | AI16: =Q16 | AJ16: =$AH16-$AI16 | AK16: 702.7041 | AL16: =$AJ16*$AK16 | AM16: =$AI16*$AK16 | AO16: Homologación: confianza base Alta + confianza SAP Alta → Alta. El material ocupa 12 filas en la hoja 1120 SJ (lote/almacén). La cantidad SAP y la física de esta vista son el total del material.
